id,genus,spp,tree_number,stem_number,dbh,health,alive,standing,old_plot_col,zone,plot,oldtag,dhas.1,dhas.2,notes,new_genus,new_species
Pin.tae.150.1,Pin,tae,150,1,309,4,1,1,L0,L,0,,,,,,
Jun.vir.151.1,Jun,vir,151,1,151,4,1,1,L0,L,0,,,,,,
Pin.tae.152.1,Pin,tae,152,1,,0,0,1,L0,L,0,,,,,,
Pin.tae.153.1,Pin,tae,153,1,,,,,L0,L,0,,1260,,,,
Nys.syl.154.1,Nys,syl,154,1,,,,,L0,L,0,,standing,,,,
Pin.tae.155.1,Pin,tae,155,1,100,0,0,1,L0,L,0,,1,,,,
Jun.vir.156.1,Jun,vir,156,1,125,9,1,1,L0,L,0,,,,,,
Pin.tae.157.1,Pin,tae,157,1,,,,,L0,L,0,,0,,,,
Jun.vir.158.1,Jun,vir,158,1,210,8,1,1,L0,L,0,,,,,,
Jun.vir.159.1,Jun,vir,159,1,102,7,1,1,L0,L,0,,,,,,
Pin.tae.160.1,Pin,tae,160,1,295,0,0,1,L0,L,0,,,,,,
Jun.vir.161.1,Jun,vir,161,1,149,7,1,1,L0,L,0,,,,,,
Pin.tae.162.1,Pin,tae,162,1,74,5,1,1,L0,L,0,,,,,,
Pin.tae.163.1,Pin,tae,163,1,430,0,0,1,L0,L,0,,,,,,
Jun.vir.164.1,Jun,vir,164,1,124,4,1,1,L0,L,0,,,,,,
Jun.vir.165.1,Jun,vir,165,1,78,5,1,1,L0,L,0,,,,,,
Jun.vir.166.1,Jun,vir,166,1,162,8,1,1,L0,L,0,,,,,,
Jun.vir.167.1,Jun,vir,167,1,110,5,1,1,L0,L,0,,,,,,
Pin.tae.168.1,Pin,tae,168,1,325,0,0,0,L0,L,0,,,,,,
Jun.vir.169.1,Jun,vir,169,1,104,5,1,1,L0,L,0,,,,,,
Nys.syl.170.1,Nys,syl,170,1,75,0,1,1,L0,L,0,,,,,,
Pin.tae.171.1,Pin,tae,171,1,,,,,L0,L,0,,,,,,
Nys.syl.172.1,Nys,syl,172,1,145,0,0,1,L0,L,0,,,,,,
Jun.vir.173.1,Jun,vir,173,1,,,,,L0,L,0,,,,,,
Nys.syl.174.1,Nys,syl,174,1,90,0,0,1,L0,L,0,,,,,,
Pin.tae.175.1,Pin,tae,175,1,266,0,0,1,L0,L,0,,,,,,
Jun.vir.176.1,Jun,vir,176,1,135,4,1,1,L0,L,0,,,,,,
Pin.tae.177.1,Pin,tae,177,1,,,,,L0,L,0,,,,,,
Jun.vir.178.1,Jun,vir,178,1,78,9,1,1,L0,L,0,,,,,,
Pin.tae.179.1,Pin,tae,179,1,361,4,1,1,L0,L,0,,,,,,
Jun.vir.180.1,Jun,vir,180,1,190,5,1,1,L0,L,0,,,,,,
Jun.vir.181.1,Jun,vir,181,1,64,5,1,1,L0,L,0,,,,,,
Jun.vir.182.1,Jun,vir,182,1,178,6,1,1,L0,L,0,,,,,,
Jun.vir.183.1,Jun,vir,183,1,173,5,1,1,L0,L,0,,,,,,
Jun.vir.184.1,Jun,vir,184,1,109,0,1,1,L0,L,0,,,,,,
Jun.vir.185.1,Jun,vir,185,1,95,6,1,1,L0,L,0,,,,,,
Jun.vir.186.1,Jun,vir,186,1,80,0,0,1,L0,L,0,,,,,,
Pin.tae.187.1,Pin,tae,187,1,364,4,1,1,L0,L,0,,,,,,
Jun.vir.188.1,Jun,vir,188,1,107,5,1,1,L0,L,0,,,,,,
Jun.vir.189.1,Jun,vir,189,1,384,6,1,1,L0,L,0,,,,,,
Jun.vir.190.1,Jun,vir,190,1,154,7,1,1,L0,L,0,,,,,,
Jun.vir.191.1,Jun,vir,191,1,68,1,1,1,L0,L,0,,,,,,
Jun.vir.192.1,Jun,vir,192,1,,,,,L0,L,0,,,,,,
Jun.vir.193.1,Jun,vir,193,1,,,,,L0,L,0,,,,,,
Jun.vir.194.1,Jun,vir,194,1,,,,,L0,L,0,,,,,,
Jun.vir.475.1,Jun,vir,475,1,140,5,1,1,L0,L,0,,,,,,
Jun.vir.476.1,Jun,vir,476,1,123,7,1,1,L0,L,0,,,,,,
Nys.syl.477.1,Nys,syl,477,1,101,1,1,1,L0,L,0,,,,,,
Jun.vir.478.1,Jun,vir,478,1,125,4,1,1,L0,L,0,,,,,,
Uni.spp.5064.1,Uni,spp,5064,1,92,0,0,1,L0,L,0,,,,,Nys,syl
Uni.spp.512.1,Uni,spp,512,1,,,,,L0,L,0,,,,,,
Pin.tae.905.1,Pin,tae,905,1,,0,0,1,L0,L,0,,,,,,
Pin.tae.921.1,Pin,tae,921,1,,,,,L0,L,0,,,,,,
Pin.tae.922.1,Pin,tae,922,1,,0,0,0,L0,L,0,,,,,,
Jun.vir.970.1,Jun,vir,970,1,111,1,1,1,L0,L,0,,,,posion ivy,,
Jun.vir.971.1,Jun,vir,971,1,51,5,1,1,L0,L,0,,,,,,
Pin.tae.989.1,Pin,tae,989,1,196,0,0,1,L0,L,0,,,,,,
Jun.vir.188.2,Jun,vir,188,2,93,3,1,1,L0,L,0,,,,,,
Jun.vir.916.1,Jun,vir,916,1,92,5,1,1,L0,L,0,,,,,,
Mor.cer.5152.1,Mor,cer,5152,1,53,5,1,1,L0,L,0,,,,,,
Jun.vir.107.1,Jun,vir,107,1,84,6,1,1,L1,L,1,,,,,,
Pin.tae.108.1,Pin,tae,108,1,318,0,0,1,L1,L,1,,,,,,
Jun.vir.109.1,Jun,vir,109,1,226,8,1,1,L1,L,1,,,,,,
Pin.tae.110.1,Pin,tae,110,1,132,0,0,1,L1,L,1,,,,,,
Pin.tae.111.1,Pin,tae,111,1,255,0,0,1,L1,L,1,,,,,,
Jun.vir.112.1,Jun,vir,112,1,144,6,1,1,L1,L,1,,,,,,
Pin.tae.113.1,Pin,tae,113,1,341,0,0,1,L1,L,1,,,,,,
Jun.vir.114.1,Jun,vir,114,1,181,6,1,1,L1,L,1,,,,,,
Pin.tae.115.1,Pin,tae,115,1,119,1,1,1,L1,L,1,,,,,,
Jun.vir.116.1,Jun,vir,116,1,168,5,,,L1,L,1,,,,,,
Pin.tae.117.1,Pin,tae,117,1,,0,0,1,L1,L,1,,,,,,
Jun.vir.118.1,Jun,vir,118,1,179,0,1,1,L1,L,1,,,,,,
Jun.vir.119.1,Jun,vir,119,1,,,,,L1,L,1,,,,,,
Jun.vir.120.1,Jun,vir,120,1,159,5,1,1,L1,L,1,,,,,,
Pin.tae.121.1,Pin,tae,121,1,141,0,0,1,L1,L,1,,,,,,
Jun.vir.122.1,Jun,vir,122,1,71,2,,1,L1,L,1,,,,,,
Jun.vir.123.1,Jun,vir,123,1,128,7,,1,L1,L,1,,,,,,
Jun.vir.124.1,Jun,vir,124,1,,,,,L1,L,1,,,,,,
Pin.tae.125.1,Pin,tae,125,1,,0,,1,L1,L,1,,,,,,
Pin.tae.126.1,Pin,tae,126,1,,,,,L1,L,1,,,,,,
Pin.tae.127.1,Pin,tae,127,1,80,0,,1,L1,L,1,,,,,,
Pin.tae.128.1,Pin,tae,128,1,412,2,,1,L1,L,1,,,,,,
Jun.vir.129.1,Jun,vir,129,1,158,4,,1,L1,L,1,,,,,,
Pin.tae.130.1,Pin,tae,130,1,,,,,L1,L,1,,,,,,
Jun.vir.131.1,Jun,vir,131,1,112,7,,1,L1,L,1,,,,,,
Jun.vir.132.1,Jun,vir,132,1,177,4,,1,L1,L,1,,,,,,
Jun.vir.133.1,Jun,vir,133,1,94,0,,1,L1,L,1,,,,,,
Jun.vir.134.1,Jun,vir,134,1,124,6,,1,L1,L,1,,,,,,
Jun.vir.135.1,Jun,vir,135,1,132,5,,1,L1,L,1,,,,,,
Jun.vir.136.1,Jun,vir,136,1,71,4,,1,L1,L,1,,,,,,
Pin.tae.137.1,Pin,tae,137,1,,0,,0,L1,L,1,,,,,,
Pin.tae.138.1,Pin,tae,138,1,196,0,,1,L1,L,1,,,,,,
Jun.vir.139.1,Jun,vir,139,1,,,,,L1,L,1,,,,,,
Jun.vir.140.1,Jun,vir,140,1,77,0,0,1,L1,L,1,,,,,,
Jun.vir.141.1,Jun,vir,141,1,116,7,1,1,L1,L,1,,,,,,
Jun.vir.142.1,Jun,vir,142,1,77,0,0,1,L1,L,1,,,,,,
Pin.tae.143.1,Pin,tae,143,1,301,0,0,1,L1,L,1,,,,,,
Nys.syl.144.1,Nys,syl,144,1,,,,,L1,L,1,,,,,,
Jun.vir.145.1,Jun,vir,145,1,288,5,1,1,L1,L,1,,,,,,
Jun.vir.146.1,Jun,vir,146,1,169,6,1,1,L1,L,1,,,,,,
Jun.vir.147.1,Jun,vir,147,1,84,0,0,1,L1,L,1,,,,,,
Jun.vir.148.1,Jun,vir,148,1,81,0,0,0,L1,L,1,,,,,,
Jun.vir.149.1,Jun,vir,149,1,134,5,1,1,L1,L,1,,,,,,
Mor.cer.453.1,Mor,cer,453,1,112,1,1,1,L1,L,1,,,,,,
Uni.spp.456.1,Uni,spp,456,1,62,0,0,0,L1,L,1,,,,morella,Mor,cer
Uni.spp.474.1,Uni,spp,474,1,70,0,0,0,L1,L,1,,,,morella,Mor,cer
Uni.spp.5024.1,Uni,spp,5024,1,,,,,L1,L,1,,,,jun.vir,Jun,vir
Uni.spp.5050.1,Uni,spp,5050,1,120,4,1,1,L1,L,1,,,,,,
Jun.vir.5051.1,Jun,vir,5051,1,,,,,L1,L,1,,,,,,
Jun.vir.5052.1,Jun,vir,5052,1,169,4,1,1,L1,L,1,,,,,,
Uni.spp.5053.1,Uni,spp,5053,1,161,5,1,1,L1,L,1,,,,Jun.vir,Jun,vir
Uni.spp.5055.1,Uni,spp,5055,1,,,,,L1,L,1,,,,,,
Jun.vir.5056.1,Jun,vir,5056,1,107,1,1,1,L1,L,1,,,,,,
Jun.vir.5057.1,Jun,vir,5057,1,67,4,1,1,L1,L,1,,,,,,
Uni.spp.5058.1,Uni,spp,5058,1,,0,0,1,L1,L,1,,,,Jun.vir,Jun,vir
Uni.spp.5059.1,Uni,spp,5059,1,73,0,0,1,L1,L,1,,,,Jun.vir,Jun,vir
Jun.vir.5060.1,Jun,vir,5060,1,101,5,1,1,L1,L,1,,,,,,
Jun.vir.5061.1,Jun,vir,5061,1,136,2,1,1,L1,L,1,,,,,,
Jun.vir.5062.1,Jun,vir,5062,1,144,5,1,1,L1,L,1,,,,,,
Uni.spp.5063.1,Uni,spp,5063,1,88,1,1,1,L1,L,1,,,,Fallen still live,,
Nys.syl.924.1,Nys,syl,924,1,79,0,0,1,L1,L,1,,,,,,
Pin.tae.927.1,Pin,tae,927,1,260,0,0,1,L1,L,1,,,,,,
Uni.spp.5024.1,Uni,spp,5024,1,,,,,L1,L,1,,,,,,
Pin.tae.5054.1,Pin,tae,5054,1,295,0,0,1,L1,L,1,,,,,,
Jun.vir.447.1,Jun,vir,447,1,,,,,L1,L,1,,,,,,
Jun.vir.5052.2,Jun,vir,5052,2,216,3,1,1,L1,L,1,,,,,,
Pin.tae.195.1,Pin,tae,195,1,,,,,L2,L,2,,,,,,
Jun.vir.196.1,Jun,vir,196,1,224,9,1,1,L2,L,2,,,,,,
Pin.tae.197.1,Pin,tae,197,1,252,0,0,1,L2,L,2,,,,,,
Pin.tae.198.1,Pin,tae,198,1,258,0,0,1,L2,L,2,,,,,,
Jun.vir.201.1,Jun,vir,201,1,65,0,0,1,L2,L,2,,,,,,
Jun.vir.202.1,Jun,vir,202,1,137,4,1,1,L2,L,2,,,,,,
Pin.tae.203.1,Pin,tae,203,1,255,6,1,1,L2,L,2,,,,,,
Jun.vir.204.1,Jun,vir,204,1,178,8,1,1,L2,L,2,,,,,,
Pin.tae.205.1,Pin,tae,205,1,,,,,L2,L,2,,,,,,
Pin.tae.206.1,Pin,tae,206,1,,,,,L2,L,2,,,,,,
Pin.tae.207.1,Pin,tae,207,1,95,0,0,1,L2,L,2,,,,,,
Pin.tae.208.1,Pin,tae,208,1,392,0,0,1,L2,L,2,,,,,,
Jun.vir.209.1,Jun,vir,209,1,89,8,1,1,L2,L,2,,,,,,
Uni.spp.210.1,Uni,spp,210,1,,,,,L2,L,2,,,,,,
Pin.tae.211.1,Pin,tae,211,1,177,3,1,1,L2,L,2,,,,,,
Jun.vir.212.1,Jun,vir,212,1,86,3,1,1,L2,L,2,,,,,,
Pin.tae.213.1,Pin,tae,213,1,360,0,0,1,L2,L,2,,,,,,
Jun.vir.214.1,Jun,vir,214,1,103,9,1,1,L2,L,2,,,,,,
Pin.tae.215.1,Pin,tae,215,1,325,0,1,1,L2,L,2,,,,,,
Pin.tae.216.1,Pin,tae,216,1,,,,0,L2,L,2,,,,confirmed fallen,,
Jun.vir.217.1,Jun,vir,217,1,220,8,1,1,L2,L,2,,,,,,
Pin.tae.218.1,Pin,tae,218,1,428,5,1,1,L2,L,2,,,,,,
Jun.vir.219.1,Jun,vir,219,1,155,0,0,1,L2,L,2,,,,,,
Uni.spp.220.1,Uni,spp,220,1,52,0,0,1,L2,L,2,,,,,Jun,vir
Pin.tae.221.1,Pin,tae,221,1,270,0,0,1,L2,L,2,,,,,,
Pin.tae.222.1,Pin,tae,222,1,237,0,0,1,L2,L,2,,,,,,
Jun.vir.223.1,Jun,vir,223,1,183,4,1,1,L2,L,2,,,,wtf is the history,,
Jun.vir.224.1,Jun,vir,224,1,105,6,1,1,L2,L,2,,,,,,
Pin.tae.225.1,Pin,tae,225,1,315,0,0,1,L2,L,2,,,,,,
Jun.vir.226.1,Jun,vir,226,1,88,7,1,1,L2,L,2,,,,,,
Nys.syl.227.1,Nys,syl,227,1,,,,,L2,L,2,,,,,,
Pin.tae.228.1,Pin,tae,228,1,310,5,1,1,L2,L,2,,,,,,
Jun.vir.229.1,Jun,vir,229,1,138,7,1,1,L2,L,2,,,,,,
Jun.vir.230.1,Jun,vir,230,1,127,4,1,1,L2,L,2,,,,,,
Jun.vir.231.1,Jun,vir,231,1,74,7,1,1,L2,L,2,,,,,,
Jun.vir.232.1,Jun,vir,232,1,130,6,1,1,L2,L,2,,,,,,
Uni.spp.233.1,Uni,spp,233,1,,,,,L2,L,2,,,,,,
Pin.tae.234.1,Pin,tae,234,1,,,,0,L2,L,2,,,,confirmed fallen,,
Pin.tae.235.1,Pin,tae,235,1,344,7,1,1,L2,L,2,,,,,,
Jun.vir.236.1,Jun,vir,236,1,61,0,0,0,L2,L,2,,,,,,
Pin.tae.237.1,Pin,tae,237,1,411,6,1,1,L2,L,2,,,,,,
Jun.vir.238.1,Jun,vir,238,1,,0,0,1,L2,L,2,,,,posion ivy,,
Nys.syl.239.1,Nys,syl,239,1,132,0,0,1,L2,L,2,,,,,,
Nys.syl.240.1,Nys,syl,240,1,145,1,1,1,L2,L,2,,,,,,
Pin.tae.241.1,Pin,tae,241,1,342,0,0,1,L2,L,2,,,,,,
Jun.vir.242.1,Jun,vir,242,1,155,8,1,1,L2,L,2,,,,,,
Jun.vir.496.1,Jun,vir,496,1,120,5,1,1,L2,L,2,,,,leaning now,,
Jun.vir.5041.1,Jun,vir,5041,1,152,9,1,1,L2,L,2,,,,,,
Jun.vir.5042.1,Jun,vir,5042,1,184,7,1,1,L2,L,2,,,,,,
Pin.tae.5043.1,Pin,tae,5043,1,174,6,1,1,L2,L,2,,,,,,
Jun.vir.5044.1,Jun,vir,5044,1,41,7,1,1,L2,L,2,,,,,,
Jun.vir.928.1,Jun,vir,928,1,75,0,0,1,L2,L,2,,,,,,
Nys.syl.227.2,Nys,syl,227,2,,,,,L2,L,2,,,,,,
Mor.cer.497.1,Mor,cer,497,1,100,3,1,1,L2,L,2,,,,,,
Mor.cer.804.1,Mor,cer,804,1,60,0,0,1,L2,L,2,,,,,,
Mor.cer.611.1,Mor,cer,611,1,94,3,1,1,L2,L,2,,,,,,
Mor.cer.816.1,Mor,cer,816,1,59,3,1,1,L2,L,2,,,,,,
Mor.cer.609.1,Mor,cer,609,1,54,4,1,1,L2,L,2,,,,,,
Mor.cer.614.1,Mor,cer,614,1,78,6,1,1,L2,L,2,,,,,,
Mor.cer.578.1,Mor,cer,578,1,76,8,1,1,L2,L,2,,,,,,
Jun.vir.1000.1,Jun,vir,1000,1,,,,,L3,L,3,,,,,,
Jun.vir.199.1,Jun,vir,199,1,111,3,1,1,L3,L,3,,,,,,
Pin.tae.200.1,Pin,tae,200,1,448,0,0,1,L3,L,3,,,,,,
Nys.syl.274.1,Nys,syl,274,1,156,0,0,1,L3,L,3,,,,,,
Jun.vir.275.1,Jun,vir,275,1,225,7,1,1,L3,L,3,,,,knot,,
Jun.vir.276.1,Jun,vir,276,1,107,2,1,1,L3,L,3,,,,,,
Nys.syl.277.1,Nys,syl,277,1,,0,0,1,L3,L,3,,,,,,
Jun.vir.278.1,Jun,vir,278,1,141,9,1,1,L3,L,3,,,,,,
Pin.tae.279.1,Pin,tae,279,1,400,0,0,1,L3,L,3,,,,,,
Jun.vir.280.1,Jun,vir,280,1,166,8,1,1,L3,L,3,,,,vine,,
Nys.syl.281.1,Nys,syl,281,1,156,0,0,1,L3,L,3,,,,,,
Jun.vir.282.1,Jun,vir,282,1,155,6,1,1,L3,L,3,,,,,,
Jun.vir.283.1,Jun,vir,283,1,110,7,1,1,L3,L,3,,,,,,
Jun.vir.284.1,Jun,vir,284,1,,0,0,0,L3,L,3,,,,,,
Jun.vir.285.1,Jun,vir,285,1,,0,0,0,L3,L,3,,,,,,
Jun.vir.286.1,Jun,vir,286,1,152,7,1,1,L3,L,3,,,,,,
Pin.tae.287.1,Pin,tae,287,1,327,0,0,1,L3,L,3,,,,,,
Pin.tae.288.1,Pin,tae,288,1,339,0,0,1,L3,L,3,,,,,,
Jun.vir.289.1,Jun,vir,289,1,47,0,0,1,L3,L,3,,,,,,
Jun.vir.290.1,Jun,vir,290,1,72,0,0,1,L3,L,3,,,,,,
Jun.vir.291.1,Jun,vir,291,1,95,4,1,1,L3,L,3,,,,,,
Pin.tae.292.1,Pin,tae,292,1,,0,0,1,L3,L,3,,,,,,
Jun.vir.293.1,Jun,vir,293,1,305,8,1,1,L3,L,3,,,,,,
Pin.tae.294.1,Pin,tae,294,1,405,0,0,1,L3,L,3,,,,,,
Pin.tae.295.1,Pin,tae,295,1,339,3,1,1,L3,L,3,,,,,,
Jun.vir.296.1,Jun,vir,296,1,122,6,1,1,L3,L,3,,,,,,
Jun.vir.297.1,Jun,vir,297,1,57,0,0,1,L3,L,3,,,,,,
Jun.vir.298.1,Jun,vir,298,1,64,0,0,1,L3,L,3,,,,,,
Jun.vir.299.1,Jun,vir,299,1,138,8,1,1,L3,L,3,,,,,,
Jun.vir.300.1,Jun,vir,300,1,74,5,1,1,L3,L,3,,,,tree fell on it,,
Nys.syl.301.1,Nys,syl,301,1,,,,,L3,L,3,,,,,,
Nys.syl.302.1,Nys,syl,302,1,,,,,L3,L,3,,,,,,
Jun.vir.303.1,Jun,vir,303,1,65,0,0,1,L3,L,3,,,,,,
Jun.vir.304.1,Jun,vir,304,1,145,5,1,1,L3,L,3,,,,,,
Jun.vir.305.1,Jun,vir,305,1,163,8,1,1,L3,L,3,,,,,,
Pin.tae.306.1,Pin,tae,306,1,,,,,L3,L,3,,,,,,
Nys.syl.307.1,Nys,syl,307,1,142,0,0,1,L3,L,3,,,,,,
Jun.vir.498.1,Jun,vir,498,1,94,5,1,1,L3,L,3,,,,,,
Jun.vir.499.1,Jun,vir,499,1,103,4,1,1,L3,L,3,,,,,,
Pin.tae.5065.1,Pin,tae,5065,1,,0,0,1,L3,L,3,,,,broken,,
Jun.vir.5066.1,Jun,vir,5066,1,124,5,1,1,L3,L,3,,,,,,
Pin.tae.5067.1,Pin,tae,5067,1,,,,,L3,L,3,,,,,,
Pin.tae.5068.1,Pin,tae,5068,1,385,5,1,1,L3,L,3,,,,,,
Nys.syl.5069.1,Nys,syl,5069,1,,,,,L3,L,3,,,,,,
Jun.vir.5853.1,Jun,vir,5853,1,,,,,L3,L,3,,,,,,
Nys.syl.5877.1,Nys,syl,5877,1,113,0,0,1,L3,L,3,,,,spp change,Nys,syl
Pin.tae.5878.1,Pin,tae,5878,1,391,8,1,1,L3,L,3,,,,,,
Jun.vir.5879.1,Jun,vir,5879,1,97,8,1,1,L3,L,3,,,,,,
Pin.tae.5881.1,Pin,tae,5881,1,364,0,0,1,L3,L,3,,,,,,
Uni.spp.5881.1,Uni,spp,5881,1,,0,0,1,L3,L,3,,,,"error? (pointing to ""30/10/1/NA"")",,
Nys.syl.5882.1,Nys,syl,5882,1,143,0,0,1,L3,L,3,,,,,,
Uni.spp.5885.1,Uni,spp,5885,1,307,0,0,1,L3,L,3,,,,,Pin,tae
Uni.spp.5886.1,Uni,spp,5886,1,172,7,1,1,L3,L,3,,,,,Jun,vir
Jun.vir.918.1,Jun,vir,918,1,61,0,0,1,L3,L,3,,,,species change,Jun,vir
Uni.spp.919.1,Uni,spp,919,1,104,0,0,1,L3,L,3,,,,species change not jun,Uni,spp
Pin.tae.998.1,Pin,tae,998,1,352,5,1,1,L3,L,3,,,,species change,Pin,tae
Pin.tae.5151.1,Pin,tae,5151,1,279,3,1,1,L3,L,3,,,,,,
Pin.tae.243.1,Pin,tae,243,1,,,,,L4,L,4,,,,,,
Nys.syl.244.1,Nys,syl,244,1,,,,,L4,L,4,,,,,,
Pin.tae.245.1,Pin,tae,245,1,305,4,1,1,L4,L,4,,,,,,
Jun.vir.246.1,Jun,vir,246,1,132,6,1,1,L4,L,4,,,,,,
Jun.vir.247.1,Jun,vir,247,1,102,7,1,1,L4,L,4,,,,,,
Pin.tae.248.1,Pin,tae,248,1,314,5,1,1,L4,L,4,,,,,,
Uni.spp.249.1,Uni,spp,249,1,,,,,L4,L,4,,,,,,
Jun.vir.250.1,Jun,vir,250,1,120,7,1,1,L4,L,4,,,,,,
Jun.vir.251.1,Jun,vir,251,1,79,6,1,1,L4,L,4,,,,,,
Pin.tae.252.1,Pin,tae,252,1,317,7,1,1,L4,L,4,,,,,,
Pin.tae.253.1,Pin,tae,253,1,218,0,0,1,L4,L,4,,,,,,
Pin.tae.254.1,Pin,tae,254,1,,0,0,0,L4,L,4,,,,,,
Pin.tae.255.1,Pin,tae,255,1,241,5,1,1,L4,L,4,,,,,,
Jun.vir.256.1,Jun,vir,256,1,135,7,1,1,L4,L,4,,,,,,
Jun.vir.257.1,Jun,vir,257,1,186,4,1,1,L4,L,4,,,,,,
Pin.tae.258.1,Pin,tae,258,1,323,6,1,1,L4,L,4,,,,,,
Nys.syl.259.1,Nys,syl,259,1,,,,,L4,L,4,,,,,,
Pin.tae.260.1,Pin,tae,260,1,316,7,1,1,L4,L,4,,,,,,
Pin.tae.261.1,Pin,tae,261,1,326,4,1,1,L4,L,4,,,,,,
Pin.tae.262.1,Pin,tae,262,1,483,6,1,1,L4,L,4,,,,,,
Jun.vir.263.1,Jun,vir,263,1,152,8,1,1,L4,L,4,,,,,,
Pin.tae.264.1,Pin,tae,264,1,346,0,0,1,L4,L,4,,,,,,
Jun.vir.265.1,Jun,vir,265,1,149,6,1,1,L4,L,4,,,,,,
Pin.tae.266.1,Pin,tae,266,1,,,,,L4,L,4,,,,,,
Nys.syl.267.1,Nys,syl,267,1,,,,,L4,L,4,,,,,,
Jun.vir.268.1,Jun,vir,268,1,101,4,1,1,L4,L,4,,,,,,
Jun.vir.269.1,Jun,vir,269,1,141,0,0,1,L4,L,4,,,,,,
Pin.tae.270.1,Pin,tae,270,1,126,0,0,1,L4,L,4,,,,,,
Jun.vir.271.1,Jun,vir,271,1,151,7,1,1,L4,L,4,,,,,,
Pin.tae.272.1,Pin,tae,272,1,,,,,L4,L,4,,,,,,
Pin.tae.273.1,Pin,tae,273,1,258,6,1,1,L4,L,4,,,,,,
Jun.vir.5874.1,Jun,vir,5874,1,129,5,1,1,L4,L,4,,,,,,
Jun.vir.5875.1,Jun,vir,5875,1,82,8,1,1,L4,L,4,,,,,,
Jun.vir.5876.1,Jun,vir,5876,1,77,0,0,1,L4,L,4,,,,,,
Jun.vir.923.1,Jun,vir,923,1,,0,0,0,L4,L,4,,,,23 dbh - living branch of fallen jun.vir health = 7,,
Pin.tae.925.1,Pin,tae,925,1,,0,0,0,L4,L,4,,,,rotten core standing,,
Jun.vir.923.2,Jun,vir,923,2,,,,,L4,L,4,,,,,,
Mor.cer.617.1,Mor,cer,617,1,54,7,1,1,L4,L,4,,,,,,
Mor.cer.615.1,Mor,cer,615,1,74,8,1,1,L4,L,4,,,,,,
Mor.cer.610.1,Mor,cer,610,1,58,8,1,1,L4,L,4,,,,,,
Mor.cer.613.1,Mor,cer,613,1,66,6,1,1,L4,L,4,,,,,,
Mor.cer.612.1,Mor,cer,612,1,75,5,1,1,L4,L,4,,,,,,
Mor.cer.462.1,Mor,cer,462,1,81,5,1,1,L4,L,4,,,,knot in prior year,,
Mor.cer.466.1,Mor,cer,466,1,58,5,1,1,L4,L,4,,,,,,
Mor.cer.697.1,Mor,cer,697,1,68,4,1,1,L4,L,4,,,,,,
Mor.cer.462.2,Mor,cer,462,2,60,0,1,1,L4,L,4,,,,,,
Mor.cer.615.2,Mor,cer,615,2,51,7,1,1,L4,L,4,,,,,,
Jun.vir.401.1,Jun,vir,401,1,75,0,0,1,L5,L,5,,,,,,
Jun.vir.402.1,Jun,vir,402,1,118,0,0,1,L5,L,5,,,,,,
Jun.vir.403.1,Jun,vir,403,1,170,7,1,1,L5,L,5,,,,,,
Jun.vir.404.1,Jun,vir,404,1,86,0,0,1,L5,L,5,,,,,,
Jun.vir.405.1,Jun,vir,405,1,93,7,1,1,L5,L,5,,,,,,
Pin.tae.406.1,Pin,tae,406,1,285,0,0,1,L5,L,5,,,,,,
Jun.vir.407.1,Jun,vir,407,1,192,9,1,1,L5,L,5,,,,,,
Jun.vir.408.1,Jun,vir,408,1,173,0,0,1,L5,L,5,,,,,,
Jun.vir.409.1,Jun,vir,409,1,149,0,0,1,L5,L,5,,,,,,
Jun.vir.410.1,Jun,vir,410,1,60,0,0,1,L5,L,5,,,,,,
Jun.vir.411.1,Jun,vir,411,1,100,0,0,1,L5,L,5,,,,,,
Jun.vir.412.1,Jun,vir,412,1,83,0,0,1,L5,L,5,,,,,Jun,vir
Jun.vir.413.1,Jun,vir,413,1,83,0,0,1,L5,L,5,,,,,,
Nys.syl.414.1,Nys,syl,414,1,95,0,0,1,L5,L,5,,,,,,
Pin.tae.415.1,Pin,tae,415,1,318,6,1,1,L5,L,5,,,,,,
Pin.tae.416.1,Pin,tae,416,1,138,0,0,1,L5,L,5,,,,,,
Jun.vir.417.1,Jun,vir,417,1,107,0,0,1,L5,L,5,,,,,,
Jun.vir.418.1,Jun,vir,418,1,98,0,0,1,L5,L,5,,,,,,
Pin.tae.419.1,Pin,tae,419,1,303,0,0,1,L5,L,5,,,,,,
Pin.tae.420.1,Pin,tae,420,1,352,0,0,1,L5,L,5,,,,,,
Jun.vir.421.1,Jun,vir,421,1,90,0,1,1,L5,L,5,,,,,,
Jun.vir.422.1,Jun,vir,422,1,264,8,1,1,L5,L,5,,,,,,
Jun.vir.423.1,Jun,vir,423,1,252,0,0,1,L5,L,5,,,,,Jun,vir
Pin.tae.424.1,Pin,tae,424,1,105,9,1,1,L5,L,5,,,,,,
Jun.vir.425.1,Jun,vir,425,1,240,8,1,1,L5,L,5,,,,,Jun,vir
Jun.vir.426.1,Jun,vir,426,1,,,,,L5,L,5,,,,,,
Jun.vir.427.1,Jun,vir,427,1,,,,,L5,L,5,,,,,Jun,vir
Pin.tae.428.1,Pin,tae,428,1,163,5,1,1,L5,L,5,,,,,,
Jun.vir.429.1,Jun,vir,429,1,126,8,1,1,L5,L,5,,,,,,
Pin.tae.430.1,Pin,tae,430,1,287,0,0,1,L5,L,5,,,,,,
Jun.vir.431.1,Jun,vir,431,1,118,6,1,1,L5,L,5,,,,,,
Pin.tae.432.1,Pin,tae,432,1,210,4,1,1,L5,L,5,,,,,,
Pin.tae.433.1,Pin,tae,433,1,,,,,L5,L,5,,,,,,
Jun.vir.434.1,Jun,vir,434,1,129,8,1,1,L5,L,5,,,,,,
Pin.tae.435.1,Pin,tae,435,1,325,0,0,1,L5,L,5,,,,,,
Pin.tae.436.1,Pin,tae,436,1,117,2,1,1,L5,L,5,,,,,,
Pin.tae.437.1,Pin,tae,437,1,244,0,0,1,L5,L,5,,,,,,
Pin.tae.438.1,Pin,tae,438,1,465,4,1,1,L5,L,5,,,,,,
Jun.vir.439.1,Jun,vir,439,1,116,4,1,1,L5,L,5,,,,,,
Jun.vir.440.1,Jun,vir,440,1,266,9,1,1,L5,L,5,,,,,,
Jun.vir.441.1,Jun,vir,441,1,180,5,1,1,L5,L,5,,,,,,
Jun.vir.442.1,Jun,vir,442,1,135,6,1,1,L5,L,5,,,,,,
Pin.tae.443.1,Pin,tae,443,1,,0,0,1,L5,L,5,,,,,,
Pin.tae.444.1,Pin,tae,444,1,148,0,0,1,L5,L,5,,,,,,
Pin.tae.445.1,Pin,tae,445,1,155,0,0,1,L5,L,5,,,,,,
Jun.vir.5045.1,Jun,vir,5045,1,118,7,1,1,L5,L,5,,,,,Jun,vir
Pin.tae.5046.1,Pin,tae,5046,1,336,0,0,1,L5,L,5,,,,,Pin,tae
Jun.vir.5047.1,Jun,vir,5047,1,161,4,1,1,L5,L,5,,,,,,
Jun.vir.5048.1,Jun,vir,5048,1,223,7,1,1,L5,L,5,,,,,,
Jun.vir.5049.1,Jun,vir,5049,1,162,8,1,1,L5,L,5,,,,,,
Jun.vir.913.1,Jun,vir,913,1,230,6,1,1,L5,L,5,,,,,,
Jun.vir.985.1,Jun,vir,985,1,,,,,L5,L,5,,,,,,
Pin.tae.986.1,Pin,tae,986,1,185,0,0,1,L5,L,5,,,,,,
Jun.vir.987.1,Jun,vir,987,1,31,0,0,1,L5,L,5,,,,,,
Mor.cer.703.1,Mor,cer,703,1,52,7,1,1,L5,L,5,,,,,,
Mor.cer.704.1,Mor,cer,704,1,95,0,0,1,L5,L,5,,,,,,
Mor.cer.704.2,Mor,cer,704,2,51,0,0,1,L5,L,5,,,,,,
Mor.cer.704.3,Mor,cer,704,3,61,4,1,1,L5,L,5,,,,,,
Mor.cer.705.1,Mor,cer,705,1,79,3,1,1,L5,L,5,,,,,,
Jun.vir.100.1,Jun,vir,100,1,45,0,0,1,L6,L,6,,,,,,
Jun.vir.101.1,Jun,vir,101,1,144,8,1,1,L6,L,6,,,,,,
Jun.vir.102.1,Jun,vir,102,1,,0,0,1,L6,L,6,,,,posion ivy,,
Uni.spp.103.1,Uni,spp,103,1,212,0,0,1,L6,L,6,,,,,,
Jun.vir.104.1,Jun,vir,104,1,62,0,0,1,L6,L,6,,,,,,
Jun.vir.105.1,Jun,vir,105,1,145,7,1,1,L6,L,6,,,,,,
Pin.tae.106.1,Pin,tae,106,1,315,0,0,1,L6,L,6,,,,,,
Jun.vir.42.1,Jun,vir,42,1,477,0,0,1,L6,L,6,,,,posion ivy,,
Uni.spp.43.1,Uni,spp,43,1,,,,,L6,L,6,,,,,,
Jun.vir.44.1,Jun,vir,44,1,93,7,1,1,L6,L,6,,,,,,
Jun.vir.45.1,Jun,vir,45,1,125,0,0,1,L6,L,6,,,,,,
Pin.tae.46.1,Pin,tae,46,1,,0,0,1,L6,L,6,,,,standing,,
Nys.syl.47.1,Nys,syl,47,1,,0,0,0,L6,L,6,,,,,,
Jun.vir.48.1,Jun,vir,48,1,82,0,0,1,L6,L,6,,,,,,
Jun.vir.49.1,Jun,vir,49,1,204,8,1,1,L6,L,6,,,,,,
Jun.vir.50.1,Jun,vir,50,1,70,5,1,1,L6,L,6,,,,,,
Uni.spp.5022.1,Uni,spp,5022,1,134,0,0,1,L6,L,6,,,,,Jun,vir
Jun.vir.5023.1,Jun,vir,5023,1,,,,,L6,L,6,,,,,,
Uni.spp.5023.1,Uni,spp,5023,1,,,,,L6,L,6,,,,merge with Jun.vir.5023,Jun,vir
Uni.spp.5024.1,Uni,spp,5024,1,336,4,1,1,L6,L,6,,,,,Pin,tae
Uni.spp.5025.1,Uni,spp,5025,1,102,7,1,1,L6,L,6,,,,multistem of 5026,Jun,vir
Uni.spp.5026.1,Uni,spp,5026,1,119,8,1,1,L6,L,6,,,,species change,Jun,vir
Uni.spp.5027.1,Uni,spp,5027,1,67,0,0,1,L6,L,6,,,,,Jun,vir
Jun.vir.5028.1,Jun,vir,5028,1,113,3,1,1,L6,L,6,,,,removed posion ivy,,
Mor.cer.503.1,Mor,cer,503,1,80,2,1,1,L6,L,6,,,,,,
Mor.cer.504.1,Mor,cer,504,1,110,0,0,1,L6,L,6,,,,,,
Pin.tae.506.1,Pin,tae,506,1,315,6,1,1,L6,L,6,,,,,,
Jun.vir.51.1,Jun,vir,51,1,49,0,0,1,L6,L,6,,,,,,
Pin.tae.52.1,Pin,tae,52,1,241,0,0,1,L6,L,6,,,,,,
Jun.vir.53.1,Jun,vir,53,1,112,0,0,1,L6,L,6,,,,,,
Jun.vir.5300.1,Jun,vir,5300,1,,0,0,1,L6,L,6,,,,,,
Jun.vir.54.1,Jun,vir,54,1,92,0,0,1,L6,L,6,,,,def. standing,,
Jun.vir.55.1,Jun,vir,55,1,155,8,1,1,L6,L,6,,,,,,
Jun.vir.56.1,Jun,vir,56,1,382,0,0,1,L6,L,6,,,,species change,Pin,tae
Uni.spp.57.1,Uni,spp,57,1,,,,,L6,L,6,,,,,,
Jun.vir.58.1,Jun,vir,58,1,87,0,0,1,L6,L,6,,,,,,
Jun.vir.59.1,Jun,vir,59,1,55,0,0,1,L6,L,6,,,,,,
Jun.vir.60.1,Jun,vir,60,1,211,8,1,1,L6,L,6,,,,,,
Pin.tae.61.1,Pin,tae,61,1,339,3,1,1,L6,L,6,,,,,,
Pin.tae.62.1,Pin,tae,62,1,176,1,1,1,L6,L,6,,,,,,
Jun.vir.63.1,Jun,vir,63,1,131,7,1,1,L6,L,6,,,,,,
Pin.tae.64.1,Pin,tae,64,1,,,,,L6,L,6,,,,,,
Jun.vir.65.1,Jun,vir,65,1,93,0,0,1,L6,L,6,,,,,,
Pin.tae.66.1,Pin,tae,66,1,,,,,L6,L,6,,,,,,
Jun.vir.67.1,Jun,vir,67,1,,1,1,1,L6,L,6,,,,posion Ivy,,
Pin.tae.68.1,Pin,tae,68,1,517,0,0,1,L6,L,6,,,,,,
Jun.vir.69.1,Jun,vir,69,1,78,3,1,1,L6,L,6,,,,,,
Jun.vir.70.1,Jun,vir,70,1,172,3,0,1,L6,L,6,,,,,,
Jun.vir.71.1,Jun,vir,71,1,239,7,1,1,L6,L,6,,,,,,
Nys.syl.72.1,Nys,syl,72,1,87,0,0,1,L6,L,6,,,,,,
Jun.vir.73.1,Jun,vir,73,1,131,5,1,1,L6,L,6,,,,,,
Pin.tae.74.1,Pin,tae,74,1,397,0,0,1,L6,L,6,,,,,,
Pin.tae.75.1,Pin,tae,75,1,155,8,1,1,L6,L,6,,,,,,
Jun.vir.76.1,Jun,vir,76,1,238,7,1,1,L6,L,6,,,,,,
Jun.vir.77.1,Jun,vir,77,1,110,4,1,1,L6,L,6,,,,,,
Pin.tae.78.1,Pin,tae,78,1,326,0,0,1,L6,L,6,,,,,,
Jun.vir.79.1,Jun,vir,79,1,85,4,1,1,L6,L,6,,,,,,
Jun.vir.80.1,Jun,vir,80,1,59,0,0,1,L6,L,6,,,,,,
Jun.vir.81.1,Jun,vir,81,1,37,0,0,1,L6,L,6,,,,,,
Jun.vir.82.1,Jun,vir,82,1,44,0,0,1,L6,L,6,,,,,,
Jun.vir.83.1,Jun,vir,83,1,200,5,1,1,L6,L,6,,,,,,
Jun.vir.84.1,Jun,vir,84,1,145,8,1,1,L6,L,6,,,,stripped bark accidentally,,
Pin.tae.85.1,Pin,tae,85,1,35,0,0,1,L6,L,6,,,,,,
Jun.vir.86.1,Jun,vir,86,1,245,6,1,1,L6,L,6,,,,,,
Jun.vir.87.1,Jun,vir,87,1,,,,,L6,L,6,,,,,,
Jun.vir.88.1,Jun,vir,88,1,96,0,0,1,L6,L,6,,,,,,
Jun.vir.89.1,Jun,vir,89,1,95,5,1,1,L6,L,6,,,,,,
Jun.vir.90.1,Jun,vir,90,1,50,0,0,1,L6,L,6,,,,,,
Jun.vir.91.1,Jun,vir,91,1,84,0,0,1,L6,L,6,,,,,,
Nys.syl.92.1,Nys,syl,92,1,95,1,1,1,L6,L,6,,,,,,
Jun.vir.93.1,Jun,vir,93,1,154,7,1,1,L6,L,6,,,,,,
Jun.vir.94.1,Jun,vir,94,1,168,5,1,1,L6,L,6,,,,,,
Pin.tae.95.1,Pin,tae,95,1,351,4,1,1,L6,L,6,,,,,,
Jun.vir.96.1,Jun,vir,96,1,125,5,1,1,L6,L,6,,,,,,
Pin.tae.97.1,Pin,tae,97,1,150,0,0,1,L6,L,6,,,,,,
Jun.vir.98.1,Jun,vir,98,1,149,6,1,1,L6,L,6,,,,,,
Jun.vir.988.1,Jun,vir,988,1,32,0,0,1,L6,L,6,,,,,,
Nys.syl.99.1,Nys,syl,99,1,203,0,0,1,L6,L,6,,,,,,
Jun.vir.990.1,Jun,vir,990,1,66,0,0,1,L6,L,6,,,,,,
Jun.vir.991.1,Jun,vir,991,1,55,0,0,1,L6,L,6,,,,,,
Mor.cer.503.2,Mor,cer,503,2,53,4,1,1,L6,L,6,,,,,,
Mor.cer.503.3,Mor,cer,503,3,,,,,L6,L,6,,,,,,
Mor.cer.725.1,Mor,cer,725,1,52,7,1,1,L6,L,6,,,,,,
Jun.vir.726.1,Jun,vir,726,1,145,8,1,1,L6,L,6,,,,,,
Mor.cer.782.1,Mor,cer,782,1,56,6,1,1,L6,L,6,,,,,,
Mor.cer.724.1,Mor,cer,724,1,62,7,1,1,L6,L,6,,,,,,
Jun.vir.10.1,Jun,vir,10,1,124,0,0,1,L7,L,7,,,,,,
Pin.tae.11.1,Pin,tae,11,1,,0,0,0,L7,L,7,,,,fallen,,
Pin.tae.12.1,Pin,tae,12,1,126,0,0,1,L7,L,7,,,,,,
Jun.vir.13.1,Jun,vir,13,1,196,7,1,1,L7,L,7,,,,,,
Jun.vir.14.1,Jun,vir,14,1,65,7,1,1,L7,L,7,,,,,,
Jun.vir.15.1,Jun,vir,15,1,105,4,1,1,L7,L,7,,,,,,
Jun.vir.16.1,Jun,vir,16,1,104,0,0,1,L7,L,7,,,,,,
Jun.vir.17.1,Jun,vir,17,1,91,3,1,1,L7,L,7,,,,,,
Jun.vir.18.1,Jun,vir,18,1,228,6,1,1,L7,L,7,,,,,,
Jun.vir.19.1,Jun,vir,19,1,49,0,0,1,L7,L,7,,,,,,
Jun.vir.2.1,Jun,vir,2,1,111,2,1,1,L7,L,7,,,,,,
Pin.tae.20.1,Pin,tae,20,1,472,6,1,1,L7,L,7,,,,,,
Jun.vir.21.1,Jun,vir,21,1,65,7,1,1,L7,L,7,,,,,,
Pin.tae.22.1,Pin,tae,22,1,,0,0,1,L7,L,7,,,,danger,,
Jun.vir.23.1,Jun,vir,23,1,101,0,0,1,L7,L,7,,,,,,
Jun.vir.24.1,Jun,vir,24,1,96,0,0,1,L7,L,7,,,,,,
Jun.vir.25.1,Jun,vir,25,1,130,0,0,1,L7,L,7,,,,,,
Jun.vir.26.1,Jun,vir,26,1,133,7,1,1,L7,L,7,,,,,,
Jun.vir.27.1,Jun,vir,27,1,120,5,1,1,L7,L,7,,,,,,
Jun.vir.28.1,Jun,vir,28,1,126,4,1,1,L7,L,7,,,,,,
Jun.vir.29.1,Jun,vir,29,1,126,2,1,1,L7,L,7,,,,,,
Jun.vir.3.1,Jun,vir,3,1,100,5,1,1,L7,L,7,,,,,,
Jun.vir.30.1,Jun,vir,30,1,195,4,1,1,L7,L,7,,,,,,
Jun.vir.31.1,Jun,vir,31,1,121,6,1,1,L7,L,7,,,,,,
Jun.vir.32.1,Jun,vir,32,1,68,6,1,1,L7,L,7,,,,,,
Pin.tae.33.1,Pin,tae,33,1,,,,,L7,L,7,,,,,,
Jun.vir.34.1,Jun,vir,34,1,151,5,1,1,L7,L,7,,,,,,
Pin.tae.35.1,Pin,tae,35,1,336,3,1,1,L7,L,7,,,,,,
Jun.vir.36.1,Jun,vir,36,1,92,7,1,1,L7,L,7,,,,,,
Jun.vir.37.1,Jun,vir,37,1,40,0,0,1,L7,L,7,,,,,,
Jun.vir.38.1,Jun,vir,38,1,121,0,0,1,L7,L,7,,,,,,
Pin.tae.39.1,Pin,tae,39,1,,,,,L7,L,7,,,,,,
Jun.vir.4.1,Jun,vir,4,1,69,0,0,1,L7,L,7,,,,,,
Mor.cer.498.1,Mor,cer,498,1,90,0,0,1,L7,L,7,,,,,,
Jun.vir.5.1,Jun,vir,5,1,128,5,1,1,L7,L,7,,,,,,
Mor.cer.500.1,Mor,cer,500,1,67,6,1,1,L7,L,7,,,,,,
Jun.vir.5029.1,Jun,vir,5029,1,,,,,L7,L,7,,,,,,
Jun.vir.5031.1,Jun,vir,5031,1,125,3,1,1,L7,L,7,,,,,,
Jun.vir.5032.1,Jun,vir,5032,1,105,5,1,1,L7,L,7,,,,,,
Uni.spp.5033.1,Uni,spp,5033,1,85,0,0,1,L7,L,7,,,,species change,Jun,vir
Jun.vir.5034.1,Jun,vir,5034,1,168,6,1,1,L7,L,7,,,,,,
Uni.spp.5035.1,Uni,spp,5035,1,103,0,0,1,L7,L,7,,,,,,
Uni.spp.5036.1,Uni,spp,5036,1,,0,0,1,L7,L,7,,,,"posion ivy, species change",Jun,vir
Jun.vir.5037.1,Jun,vir,5037,1,135,4,1,1,L7,L,7,,,,,,
Jun.vir.5038.1,Jun,vir,5038,1,100,5,1,1,L7,L,7,,,,,,
Uni.spp.5039.1,Uni,spp,5039,1,74,6,1,1,L7,L,7,,,,species change,Jun,vir
Uni.spp.5040.1,Uni,spp,5040,1,60,0,0,1,L7,L,7,,,,species change,Jun,vir
Pin.tae.506.1,Pin,tae,506,1,,,,,L7,L,7,,,,,,
Mor.cer.5790.1,Mor,cer,5790,1,56,0,0,1,L7,L,7,,,,,,
Pin.tae.6.1,Pin,tae,6,1,,0,0,1,L7,L,7,,,,,,
Jun.vir.7.1,Jun,vir,7,1,169,3,1,1,L7,L,7,,,,,,
Jun.vir.8.1,Jun,vir,8,1,153,5,1,1,L7,L,7,,,,vine on tree,,
Pin.tae.9.1,Pin,tae,9,1,349,0,0,1,L7,L,7,,,,,,
Pin.tae.908.1,Pin,tae,908,1,,0,0,1,L7,L,7,,,,dangerous to DBH,,
Pin.tae.973.1,Pin,tae,973,1,,,,,L7,L,7,,,,,,
Pin.tae.974.1,Pin,tae,974,1,,0,0,1,L7,L,7,,,,,,
Jun.vir.975.1,Jun,vir,975,1,118,3,1,1,L7,L,7,,,,,,
Jun.vir.976.1,Jun,vir,976,1,209,7,1,1,L7,L,7,,,,,,
Pin.tae.977.1,Pin,tae,977,1,,0,0,0,L7,L,7,,,,confirmed fallen,,
Jun.vir.982.1,Jun,vir,982,1,,,,,L7,L,7,,,,,,
Mor.cer.5153.1,Mor,cer,5153,1,73,0,0,1,L7,L,7,,,,,,
Nys.syl.473.1,Nys,syl,473,1,168,4,1,1,M0,M,0,,,,,,
Nys.syl.484.1,Nys,syl,484,1,45,3,1,1,M0,M,0,,,,,,
Nys.syl.485.1,Nys,syl,485,1,231,7,1,1,M0,M,0,,,,,,
Nys.syl.486.1,Nys,syl,486,1,103,5,1,1,M0,M,0,,,,dead second stem,,
Nys.syl.498.1,Nys,syl,498,1,,,,,M0,M,0,,,,missing,,
Nys.syl.500.1,Nys,syl,500,1,122,4,1,1,M0,M,0,,,,weird split in half,,
Ile.opa.513.1,Ile,opa,513,1,71,7,1,1,M0,M,0,,,,,,
Pin.tae.514.1,Pin,tae,514,1,352,6,1,1,M0,M,0,,,,,,
Pin.tae.515.1,Pin,tae,515,1,297,0,0,1,M0,M,0,,,,,,
Nys.syl.520.1,Nys,syl,520,1,,,,,M0,M,0,,,,missing,,
Pin.tae.576.1,Pin,tae,576,1,308,0,0,1,M0,M,0,,,,,,
Jun.vir.577.1,Jun,vir,577,1,119,0,0,1,M0,M,0,,,,,,
Nys.syl.578.1,Nys,syl,578,1,,0,0,1,M0,M,0,,,,ivy,,
Nys.syl.579.1,Nys,syl,579,1,100,4,1,1,M0,M,0,,,,might be 579 second trunk,,
Nys.syl.580.1,Nys,syl,580,1,77,3,1,1,M0,M,0,,,,,,
Nys.syl.581.1,Nys,syl,581,1,44,4,1,1,M0,M,0,,,,,,
Pin.tae.582.1,Pin,tae,582,1,181,0,0,1,M0,M,0,,,,,,
Uni.spp.583.1,Uni,spp,583,1,,,,,M0,M,0,,,,,,
Pin.tae.584.1,Pin,tae,584,1,494,2,1,1,M0,M,0,,,,,,
Jun.vir.585.1,Jun,vir,585,1,53,0,0,1,M0,M,0,,,,,,
Jun.vir.586.1,Jun,vir,586,1,73,0,0,1,M0,M,0,,,,,,
Jun.vir.587.1,Jun,vir,587,1,79,0,0,1,M0,M,0,,,,,,
Uni.spp.588.1,Uni,spp,588,1,,0,0,0,M0,M,0,,,,,Ace,rub
Pin.tae.801.1,Pin,tae,801,1,406,4,1,1,M0,M,0,,,,,,
Nys.syl.802.1,Nys,syl,802,1,,0,0,1,M0,M,0,,,,posion ivy,,
Nys.syl.803.1,Nys,syl,803,1,164,6,1,1,M0,M,0,,,,,,
Nys.syl.804.1,Nys,syl,804,1,36,1,1,1,M0,M,0,,,,,,
Ile.opa.805.1,Ile,opa,805,1,,,,,M0,M,0,,,,,,
Ile.opa.806.1,Ile,opa,806,1,86,7,1,1,M0,M,0,,,,,,
Pin.tae.807.1,Pin,tae,807,1,434,7,1,1,M0,M,0,,,,,,
Nys.syl.808.1,Nys,syl,808,1,149,0,0,1,M0,M,0,,,,,,
Jun.vir.809.1,Jun,vir,809,1,95,0,0,1,M0,M,0,,,,,,
Pin.tae.810.1,Pin,tae,810,1,408,7,1,1,M0,M,0,,,,,,
Pin.tae.811.1,Pin,tae,811,1,424,4,1,1,M0,M,0,,,,,,
Ile.opa.812.1,Ile,opa,812,1,113,6,1,1,M0,M,0,,,,,,
Ile.opa.813.1,Ile,opa,813,1,,,,,M0,M,0,,,,,,
Pin.tae.814.1,Pin,tae,814,1,,0,0,1,M0,M,0,,,,,,
Pin.tae.815.1,Pin,tae,815,1,224,4,1,1,M0,M,0,,,,,,
Pin.tae.816.1,Pin,tae,816,1,196,0,0,1,M0,M,0,,,,,,
Nys.syl.817.1,Nys,syl,817,1,108,5,1,1,M0,M,0,,,,,,
Nys.syl.818.1,Nys,syl,818,1,166,5,1,1,M0,M,0,,,,,,
Nys.syl.819.1,Nys,syl,819,1,101,5,1,1,M0,M,0,,,,,,
Nys.syl.820.1,Nys,syl,820,1,178,6,1,1,M0,M,0,,,,,,
Nys.syl.821.1,Nys,syl,821,1,114,3,1,1,M0,M,0,,,,,,
Uni.spp.822.1,Uni,spp,822,1,89,0,0,1,M0,M,0,,,,species change,Jun,vir
Pin.tae.823.1,Pin,tae,823,1,323,7,1,1,M0,M,0,,,,outside plot,,
Pin.tae.824.1,Pin,tae,824,1,282,5,1,1,M0,M,0,,,,,,
Pin.tae.825.1,Pin,tae,825,1,478,6,1,1,M0,M,0,,,,,,
Pin.tae.826.1,Pin,tae,826,1,79,3,1,1,M0,M,0,,,,species change,Jun,vir
Pin.tae.827.1,Pin,tae,827,1,355,6,1,1,M0,M,0,,,,,,
Jun.vir.828.1,Jun,vir,828,1,162,7,1,1,M0,M,0,,,,,,
Ile.opa.909.1,Ile,opa,909,1,35,0,0,1,M0,M,0,,,,species change,Jun,vir
Uni.spp.803.2,Uni,spp,803,2,103,0,0,1,M0,M,0,,,,species change,Nys,syl
Nys.syl.817.2,Nys,syl,817,2,76,4,1,1,M0,M,0,,,,,,
Nys.syl.5150.1,Nys,syl,5150,1,98,0,0,1,M0,M,0,,,,,,
Nys.syl.5150.2,Nys,syl,5150,2,62,0,0,1,M0,M,0,,,,,,
Nys.syl.486.2,Nys,syl,486,2,63,0,0,1,M0,M,0,,,,,,
Uni.spp.5860.1,Uni,spp,5860,1,165,0,0,1,M1,M,1,,,,fallen,Nys,syl
Jun.vir.829.1,Jun,vir,829,1,,0,0,0,M1,M,1,,,,,,
Pin.tae.830.1,Pin,tae,830,1,338,6,1,1,M1,M,1,,,,,,
Pin.tae.831.1,Pin,tae,831,1,391,8,1,1,M1,M,1,,,,,,
Nys.syl.832.1,Nys,syl,832,1,99,2,1,1,M1,M,1,,,,,,
Jun.vir.833.1,Jun,vir,833,1,54,0,0,1,M1,M,1,,,,,,
Nys.syl.834.1,Nys,syl,834,1,49,5,1,1,M1,M,1,,,,,,
Nys.syl.835.1,Nys,syl,835,1,96,2,1,1,M1,M,1,,,,,,
Jun.vir.836.1,Jun,vir,836,1,,,,,M1,M,1,,,,,,
Pin.tae.837.1,Pin,tae,837,1,341,5,1,1,M1,M,1,,,,,,
Pin.tae.838.1,Pin,tae,838,1,219,5,1,1,M1,M,1,,,,,,
Jun.vir.839.1,Jun,vir,839,1,131,0,0,1,M1,M,1,,,,posion ivy,,
Nys.syl.840.1,Nys,syl,840,1,212,4,1,1,M1,M,1,,,,,,
Nys.syl.841.1,Nys,syl,841,1,170,2,1,1,M1,M,1,,,,,,
Nys.syl.842.1,Nys,syl,842,1,65,0,0,1,M1,M,1,,,,,,
Jun.vir.843.1,Jun,vir,843,1,102,5,1,1,M1,M,1,,,,,,
Pin.tae.844.1,Pin,tae,844,1,455,6,1,1,M1,M,1,,,,,,
Pin.tae.845.1,Pin,tae,845,1,406,5,1,1,M1,M,1,,,,,,
Nys.syl.846.1,Nys,syl,846,1,125,4,1,1,M1,M,1,,,,,,
Nys.syl.847.1,Nys,syl,847,1,85,0,0,1,M1,M,1,,,,,,
Pin.tae.848.1,Pin,tae,848,1,421,6,1,1,M1,M,1,,,,,,
Nys.syl.849.1,Nys,syl,849,1,187,5,1,1,M1,M,1,,,,,,
Jun.vir.850.1,Jun,vir,850,1,,2,1,1,M1,M,1,,,,posion ivy,,
Nys.syl.851.1,Nys,syl,851,1,98,3,1,1,M1,M,1,,,,,,
Jun.vir.852.1,Jun,vir,852,1,84,0,0,1,M1,M,1,,,,,,
Pin.tae.853.1,Pin,tae,853,1,248,4,1,1,M1,M,1,,,,,,
Jun.vir.854.1,Jun,vir,854,1,238,9,1,1,M1,M,1,,,,,,
Nys.syl.855.1,Nys,syl,855,1,131,3,1,1,M1,M,1,,,,,,
Pin.tae.856.1,Pin,tae,856,1,415,8,1,1,M1,M,1,,,,,,
Jun.vir.857.1,Jun,vir,857,1,155,7,1,1,M1,M,1,,,,,,
Jun.vir.858.1,Jun,vir,858,1,149,3,1,1,M1,M,1,,,,,,
Jun.vir.859.1,Jun,vir,859,1,,,,,M1,M,1,,,,,,
Jun.vir.860.1,Jun,vir,860,1,135,7,,,M1,M,1,,,,,,
Nys.syl.861.1,Nys,syl,861,1,151,6,1,1,M1,M,1,,,,,,
Jun.vir.862.1,Jun,vir,862,1,131,7,1,1,M1,M,1,,,,,,
Jun.vir.863.1,Jun,vir,863,1,,,,,M1,M,1,,,,,,
Pin.tae.864.1,Pin,tae,864,1,413,3,1,1,M1,M,1,,,,,,
Jun.vir.865.1,Jun,vir,865,1,46,0,0,1,M1,M,1,,,,,,
Nys.syl.866.1,Nys,syl,866,1,43,5,1,1,M1,M,1,,,,,,
Nys.syl.867.1,Nys,syl,867,1,55,0,0,1,M1,M,1,,,,,,
Pin.tae.868.1,Pin,tae,868,1,351,0,0,1,M1,M,1,,,,,,
Jun.vir.869.1,Jun,vir,869,1,54,0,0,1,M1,M,1,,,,,,
Nys.syl.870.1,Nys,syl,870,1,131,3,1,1,M1,M,1,,,,,,
Nys.syl.871.1,Nys,syl,871,1,110,4,1,1,M1,M,1,,,,,,
Jun.vir.872.1,Jun,vir,872,1,85,7,1,1,M1,M,1,,,,,,
Nys.syl.873.1,Nys,syl,873,1,22,0,0,1,M1,M,1,,,,,,
Jun.vir.874.1,Jun,vir,874,1,53,0,0,1,M1,M,1,,,,,,
Nys.syl.875.1,Nys,syl,875,1,39,2,1,0,M1,M,1,,,,,,
Nys.syl.876.1,Nys,syl,876,1,,1,1,1,M1,M,1,,,,,,
Pin.tae.899.1,Pin,tae,899,1,408,7,1,1,M1,M,1,,,,,,
Nys.syl.842.2,Nys,syl,842,2,61,0,0,1,M1,M,1,,,,,,
Jun.vir.862.2,Jun,vir,862,2,56,4,1,1,M1,M,1,,,,,,
Nys.syl.870.2,Nys,syl,870,2,104,3,1,1,M1,M,1,,,,,,
Mor.cer.702.1,Mor,cer,702,1,75,5,1,1,M1,M,1,,,,,,
Mor.cer.702.2,Mor,cer,702,2,55,9,1,1,M1,M,1,,,,,,
Mor.cer.702.3,Mor,cer,702,3,56,7,1,1,M1,M,1,,,,,,
Mor.cer.601.1,Mor,cer,601,1,66,9,1,1,M1,M,1,,,,,,
Mor.cer.491.1,Mor,cer,491,1,64,6,,,M1,M,1,,,,,,
Mor.cer.458.1,Mor,cer,458,1,67,9,,,M1,M,1,,,,,,
Mor.cer.458.2,Mor,cer,458,2,69,9,,,M1,M,1,,,,,,
Nys.syl.602.1,Nys,syl,602,1,151,1,1,1,M1,M,1,,,,,,
Pin.tae.2408.1,Pin,tae,2408,1,305,0,0,1,M2,M,2,,,,spray (crossed out) DD,,
Nys.syl.2409.1,Nys,syl,2409,1,189,5,1,1,M2,M,2,,,,,,
Uni.spp.2410.1,Uni,spp,2410,1,50,0,0,1,M2,M,2,,,,,Jun,vir
Pin.tae.2411.1,Pin,tae,2411,1,319,7,1,1,M2,M,2,,,,sprayed,,
Nys.syl.2412.1,Nys,syl,2412,1,70,3,1,1,M2,M,2,,,,,,
Uni.spp.2413.1,Uni,spp,2413,1,,0,0,1,M2,M,2,,,,,,
Nys.syl.2414.1,Nys,syl,2414,1,231,1,1,1,M2,M,2,,,,"sprayed, senesce?",,
Pin.tae.2415.1,Pin,tae,2415,1,252,5,1,1,M2,M,2,,,,,,
Pin.tae.2416.1,Pin,tae,2416,1,341,6,1,1,M2,M,2,,,,sprayed,,
Uni.spp.2417.1,Uni,spp,2417,1,202,0,0,1,M2,M,2,,,,,,
Uni.spp.2418.1,Uni,spp,2418,1,70,0,0,1,M2,M,2,,,,,Jun,vir
Uni.spp.2419.1,Uni,spp,2419,1,132,0,0,1,M2,M,2,,,,,Jun,vir
Pin.tae.2420.1,Pin,tae,2420,1,360,5,1,1,M2,M,2,,,,sprayed,,
Nys.syl.2421.1,Nys,syl,2421,1,200,6,1,1,M2,M,2,,,,sprayed,,
Nys.syl.2422.1,Nys,syl,2422,1,41,0,0,1,M2,M,2,,,,,,
Pin.tae.2423.1,Pin,tae,2423,1,431,7,1,1,M2,M,2,,,,sprayed,,
Pin.tae.2424.1,Pin,tae,2424,1,372,3,1,1,M2,M,2,,,,sprayed,,
Nys.syl.2425.1,Nys,syl,2425,1,267,7,1,1,M2,M,2,,,,sprayed,,
Jun.vir.2426.1,Jun,vir,2426,1,125,6,1,1,M2,M,2,,,,,,
Pin.tae.2427.1,Pin,tae,2427,1,359,7,1,1,M2,M,2,,,,sprayed,,
Jun.vir.2428.1,Jun,vir,2428,1,158,0,0,1,M2,M,2,,,,,Uni,spp
Jun.vir.2429.1,Jun,vir,2429,1,35,0,0,1,M2,M,2,,,,,Uni,spp
Nys.syl.2430.1,Nys,syl,2430,1,127,5,1,1,M2,M,2,,,,,,
Pin.tae.2431.1,Pin,tae,2431,1,374,4,1,1,M2,M,2,,,,sprayed,,
Nys.syl.2432.1,Nys,syl,2432,1,,6,1,1,M2,M,2,,,,posion ivy,,
Pin.tae.2433.1,Pin,tae,2433,1,387,7,1,1,M2,M,2,,,,sprayed,,
Pin.tae.2434.1,Pin,tae,2434,1,302,7,1,1,M2,M,2,,,,sprayed,,
Pin.tae.2435.1,Pin,tae,2435,1,350,4,1,1,M2,M,2,,,,sprayed,,
Jun.vir.2436.1,Jun,vir,2436,1,,4,1,1,M2,M,2,,,,posion ivy,,
Jun.vir.2437.1,Jun,vir,2437,1,82,8,1,1,M2,M,2,,,,sprayed (?),,
Pin.tae.2438.1,Pin,tae,2438,1,399,5,1,1,M2,M,2,,,,,,
Nys.syl.2439.1,Nys,syl,2439,1,146,5,1,1,M2,M,2,,,,,,
Uni.spp.2440.1,Uni,spp,2440,1,,,,,M2,M,2,,,,,,
Pin.tae.2441.1,Pin,tae,2441,1,365,7,1,1,M2,M,2,,,,sprayed,,
Pin.tae.2442.1,Pin,tae,2442,1,312,5,1,1,M2,M,2,,,,sprayed,,
Pin.tae.501.1,Pin,tae,501,1,348,6,1,1,M2,M,2,,,,sprayed,,
Nys.syl.5828.1,Nys,syl,5828,1,154,7,1,1,M2,M,2,,,,,,
Pin.tae.5837.1,Pin,tae,5837,1,338,,1,1,M2,M,2,,,,sprayed,,
Nys.syl.5861.1,Nys,syl,5861,1,86,3,,,M2,M,2,,,,,,
Pin.tae.5862.1,Pin,tae,5862,1,469,5,1,1,M2,M,2,,,,sprayed,,
Uni.spp.5863.1,Uni,spp,5863,1,125,8,1,1,M2,M,2,,,,,Jun,vir
Uni.spp.5883.1,Uni,spp,5883,1,,,,,M2,M,2,,,,,,
Uni.spp.901.1,Uni,spp,901,1,163,7,1,1,M2,M,2,,,,,,
Nys.syl.2421.2,Nys,syl,2421,2,149,5,1,1,M2,M,2,,,,,,
Nys.syl.2425.2,Nys,syl,2425,2,225,8,1,1,M2,M,2,,,,,,
Nys.syl.2439.2,Nys,syl,2439,2,131,6,1,1,M2,M,2,,,,,,
Nys.syl.2425.3,Nys,syl,2425,3,176,5,1,1,M2,M,2,,,,,,
Mor.cer.492.1,Mor,cer,492,1,,,,,M2,M,2,,,,No find :(,,
Mor.cer.5149.1,Mor,cer,5149,1,55,7,1,1,M2,M,2,,,,,,
Mor.cer.5148.1,Mor,cer,5148,1,55,7,1,1,M2,M,2,,,,,,
Nys.syl.338.1,Nys,syl,338,1,174,1,1,1,M3,M,3,,,,,,
Nys.syl.339.1,Nys,syl,339,1,127,0,0,1,M3,M,3,,,,,,
Pin.tae.340.1,Pin,tae,340,1,122,0,0,1,M3,M,3,,,,,,
Pin.tae.341.1,Pin,tae,341,1,465,6,1,1,M3,M,3,,,,,,
Nys.syl.342.1,Nys,syl,342,1,105,1,1,1,M3,M,3,,,,,,
Pin.tae.343.1,Pin,tae,343,1,280,0,0,1,M3,M,3,,,,,,
Nys.syl.344.1,Nys,syl,344,1,156,1,1,1,M3,M,3,,,,,,
Pin.tae.345.1,Pin,tae,345,1,113,0,0,1,M3,M,3,,,,,Jun,vir
Pin.tae.346.1,Pin,tae,346,1,420,4,1,1,M3,M,3,,,,,,
Jun.vir.347.1,Jun,vir,347,1,133,0,0,1,M3,M,3,,,,,,
Pin.tae.348.1,Pin,tae,348,1,166,7,1,1,M3,M,3,,,,,,
Pin.tae.349.1,Pin,tae,349,1,517,6,1,1,M3,M,3,,,,,,
Nys.syl.350.1,Nys,syl,350,1,158,0,0,1,M3,M,3,,,,,,
Pin.tae.351.1,Pin,tae,351,1,380,5,1,1,M3,M,3,,,,,,
Pin.tae.352.1,Pin,tae,352,1,396,6,1,1,M3,M,3,,,,,,
Jun.vir.353.1,Jun,vir,353,1,228,9,1,1,M3,M,3,,,,,,
Pin.tae.354.1,Pin,tae,354,1,401,5,1,1,M3,M,3,,,,,,
Pin.tae.355.1,Pin,tae,355,1,465,2,1,1,M3,M,3,,,,,,
Jun.vir.356.1,Jun,vir,356,1,200,2,1,1,M3,M,3,,,,alive !!!!,,
Jun.vir.357.1,Jun,vir,357,1,,4,1,1,M3,M,3,,,,poison ivy,,
Nys.syl.358.1,Nys,syl,358,1,,6,1,1,M3,M,3,,,,poison ivy,,
Jun.vir.359.1,Jun,vir,359,1,162,6,0,1,M3,M,3,,,,,,
Pin.tae.360.1,Pin,tae,360,1,533,8,1,1,M3,M,3,,,,,,
Nys.syl.361.1,Nys,syl,361,1,193,6,1,1,M3,M,3,,,,,,
Pin.tae.364.1,Pin,tae,364,1,406,6,1,1,M3,M,3,,,,,,
Mor.cer.5188.1,Mor,cer,5188,1,157,7,1,1,M3,M,3,,,,,,
Jun.vir.5189.1,Jun,vir,5189,1,129,5,1,1,M3,M,3,,,,alive !!!!!,,
Jun.vir.5826.1,Jun,vir,5826,1,71,0,0,1,M3,M,3,,,,,,
Nys.syl.5827.1,Nys,syl,5827,1,163,0,0,1,M3,M,3,,,,,,
Uni.spp.5838.1,Uni,spp,5838,1,214,6,1,1,M3,M,3,,,,,Jun,vir
Jun.vir.911.1,Jun,vir,911,1,,0,0,0,M3,M,3,,,,,,
Nys.syl.358.2,Nys,syl,358,2,,6,1,1,M3,M,3,,,,poison ivy,,
Jun.vir.347.3,Jun,vir,347,3,123,5,1,1,M3,M,3,,,,,,
Mor.cer.603.1,Mor,cer,603,1,84,0,0,1,M3,M,3,,,,347.2,,
Mor.cer.603.2,Mor,cer,603,2,63,6,1,1,M3,M,3,,,,,,
Mor.cer.603.3,Mor,cer,603,3,65,5,0,1,M3,M,3,,,,,,
Mor.cer.605.1,Mor,cer,605,1,56,2,1,1,M3,M,3,,,,,,
Mor.cer.605.2,Mor,cer,605,2,50,7,1,1,M3,M,3,,,,,,
Jun.vir.2443.1,Jun,vir,2443,1,106,6,1,1,M4,M,4,,,,,,
Uni.spp.2444.1,Uni,spp,2444,1,132,2,1,1,M4,M,4,,,,,Que,phe
Pin.tae.2445.1,Pin,tae,2445,1,,,,,M4,M,4,,,,,,
Nys.syl.2446.1,Nys,syl,2446,1,183,8,1,1,M4,M,4,,,,,,
Pin.tae.2447.1,Pin,tae,2447,1,423,5,1,1,M4,M,4,,,,,,
Jun.vir.2448.1,Jun,vir,2448,1,99,0,0,1,M4,M,4,,,,,,
Nys.syl.2449.1,Nys,syl,2449,1,177,7,1,1,M4,M,4,,,,,,
Pin.tae.2450.1,Pin,tae,2450,1,441,5,1,1,M4,M,4,,,,,,
Pin.tae.2451.1,Pin,tae,2451,1,395,8,1,1,M4,M,4,,,,,,
Uni.spp.2452.1,Uni,spp,2452,1,,,,,M4,M,4,,,,,,
Pin.tae.2453.1,Pin,tae,2453,1,523,9,1,1,M4,M,4,,,,,,
Pin.tae.2454.1,Pin,tae,2454,1,499,7,1,1,M4,M,4,,,,,,
Pin.tae.2455.1,Pin,tae,2455,1,185,4,1,1,M4,M,4,,,,,,
Pin.tae.2456.1,Pin,tae,2456,1,79,0,0,1,M4,M,4,,,,,,
Pin.tae.2457.1,Pin,tae,2457,1,255,5,1,1,M4,M,4,,,,,,
Pin.tae.2458.1,Pin,tae,2458,1,377,5,1,1,M4,M,4,,,,,,
Nys.syl.2459.1,Nys,syl,2459,1,239,0,0,1,M4,M,4,,,,,,
Pin.tae.2460.1,Pin,tae,2460,1,319,5,1,1,M4,M,4,,,,,,
Pin.tae.2461.1,Pin,tae,2461,1,340,0,0,1,M4,M,4,,,,,,
Nys.syl.2462.1,Nys,syl,2462,1,160,8,1,1,M4,M,4,,,,,,
Nys.syl.2459.2,Nys,syl,2459,2,81,0,0,1,M4,M,4,,,,,,
Mor.cer.490.1,Mor,cer,490,1,56,7,1,1,M4,M,4,,,,,,
Mor.cer.489.1,Mor,cer,489,1,53,8,1,1,M4,M,4,,,,,,
Mor.cer.469.1,Mor,cer,469,1,50,8,1,1,M4,M,4,,,,,,
Mor.cer.446.1,Mor,cer,446,1,86,9,1,1,M4,M,4,,,,,,
Mor.cer.446.2,Mor,cer,446,2,70,9,1,1,M4,M,4,,,,,,
Mor.cer.5396.1,Mor,cer,5396,1,54,6,1,1,M4,M,4,,,,,,
Mor.cer.5396.2,Mor,cer,5396,2,55,7,1,1,M4,M,4,,,,,,
Mor.cer.5396.3,Mor,cer,5396,3,53,5,1,1,M4,M,4,,,,,,
Nys.syl.2469.1,Nys,syl,2469,1,75,3,1,1,M5,M,5,,,,,,
Pin.tae.2470.1,Pin,tae,2470,1,,,,,M5,M,5,,,,,,
Pin.tae.2471.1,Pin,tae,2471,1,339,0,0,1,M5,M,5,,,,,,
Nys.syl.2472.1,Nys,syl,2472,1,,,,,M5,M,5,,,,,,
Pin.tae.2473.1,Pin,tae,2473,1,,,,,M5,M,5,,,,,,
Pin.tae.2474.1,Pin,tae,2474,1,,,,,M5,M,5,,,,,,
Pin.tae.2475.1,Pin,tae,2475,1,,,,,M5,M,5,,,,,,
Nys.syl.2476.1,Nys,syl,2476,1,,,,,M5,M,5,,,,,,
Pin.tae.2475.1,Pin,tae,2475,1,,,,,M5,M,5,,,,,,
Nys.syl.2476.1,Nys,syl,2476,1,,,,,M5,M,5,,,,,,
Pin.tae.2477.1,Pin,tae,2477,1,,,,,M5,M,5,,,,,,
Pin.tae.2478.1,Pin,tae,2478,1,,,,,M5,M,5,,,,,,
Nys.syl.2479.1,Nys,syl,2479,1,,,,,M5,M,5,,,,,,
Nys.syl.2480.1,Nys,syl,2480,1,,,,,M5,M,5,,,,,,
Nys.syl.2481.1,Nys,syl,2481,1,156,1,1,1,M5,M,5,,,,,,
Jun.vir.2482.1,Jun,vir,2482,1,56,7,1,1,M5,M,5,,,,,,
Pin.tae.2483.1,Pin,tae,2483,1,436,6,1,1,M5,M,5,,,,,,
Pin.tae.2484.1,Pin,tae,2484,1,,,,,M5,M,5,,,,,,
Pin.tae.2485.1,Pin,tae,2485,1,270,0,0,1,M5,M,5,,,,,,
Pin.tae.2486.1,Pin,tae,2486,1,200,5,1,1,M5,M,5,,,,,,
Jun.vir.2487.1,Jun,vir,2487,1,144,5,1,1,M5,M,5,,,,,,
Pin.tae.2488.1,Pin,tae,2488,1,359,7,1,1,M5,M,5,,,,,,
Pin.tae.2489.1,Pin,tae,2489,1,230,4,0,1,M5,M,5,,,,,,
Pin.tae.2490.1,Pin,tae,2490,1,323,0,0,1,M5,M,5,,,,,,
Pin.tae.2491.1,Pin,tae,2491,1,380,4,1,1,M5,M,5,,,,,,
Nys.syl.2492.1,Nys,syl,2492,1,60,0,0,1,M5,M,5,,,,,,
Pin.tae.2493.1,Pin,tae,2493,1,427,5,1,1,M5,M,5,,,,,,
Jun.vir.2494.1,Jun,vir,2494,1,,,,,M5,M,5,,,,,,
Pin.tae.2495.1,Pin,tae,2495,1,236,0,1,,M5,M,5,,,,,,
Jun.vir.2496.1,Jun,vir,2496,1,318,8,,,M5,M,5,,,,,,
Pin.tae.2497.1,Pin,tae,2497,1,293,0,0,1,M5,M,5,,,,,,
Jun.vir.2498.1,Jun,vir,2498,1,,8,1,1,M5,M,5,,,,,,
Nys.syl.2500.1,Nys,syl,2500,1,143,0,0,1,M5,M,5,,,,,,
Jun.vir.500.1,Jun,vir,500,1,147,7,,,M5,M,5,,,,,,
Nys.syl.5870.1,Nys,syl,5870,1,67,0,0,1,M5,M,5,,,,,,
Nys.syl.5871.1,Nys,syl,5871,1,97,0,0,1,M5,M,5,,,,,,
Jun.vir.5872.1,Jun,vir,5872,1,,,,,M5,M,5,,,,,,
Pin.tae.904.1,Pin,tae,904,1,,,,,M5,M,5,,,,,,
Uni.spp.910.1,Uni,spp,910,1,,,,,M5,M,5,,,,,,
Pin.tae.972.1,Pin,tae,972,1,,0,0,0,M5,M,5,,,,,,
Mor.cer.455.1,Mor,cer,455,1,57,8,1,1,M5,M,5,,,,,,
Mor.cer.461.1,Mor,cer,461,1,70,0,0,1,M5,M,5,,,,,,
Mor.cer.461.2,Mor,cer,461,2,62,9,1,1,M5,M,5,,,,,,
Mor.cer.487.1,Mor,cer,487,1,77,4,1,1,M5,M,5,,,,,,
Mor.cer.487.2,Mor,cer,487,2,72,0,0,1,M5,M,5,,,,,,
Mor.cer.487.3,Mor,cer,487,3,60,7,1,1,M5,M,5,,,,,,
Mor.cer.5397.1,Mor,cer,5397,1,59,7,1,1,M5,M,5,,,,,,
Jun.vir.5398.1,Jun,vir,5398,1,,0,0,1,M5,M,5,,,,used to be 2494 / note history,,
Jun.vir.362.1,Jun,vir,362,1,125,6,1,1,M6,M,6,,,,,,
Jun.vir.363.1,Jun,vir,363,1,145,8,1,1,M6,M,6,,,,,,
Pin.tae.365.1,Pin,tae,365,1,485,7,1,1,M6,M,6,,,,,,
Jun.vir.366.1,Jun,vir,366,1,98,3,1,1,M6,M,6,,,,,,
Pin.tae.367.1,Pin,tae,367,1,429,0,0,1,M6,M,6,,,,,,
Jun.vir.368.1,Jun,vir,368,1,130,8,1,1,M6,M,6,,,,,,
Pin.tae.369.1,Pin,tae,369,1,324,3,1,1,M6,M,6,,,,,,
Pin.tae.370.1,Pin,tae,370,1,391,5,1,1,M6,M,6,,,,,,
Nys.syl.371.1,Nys,syl,371,1,169,4,1,1,M6,M,6,,,,,,
Nys.syl.372.1,Nys,syl,372,1,104,0,0,1,M6,M,6,,,,,,
Jun.vir.373.1,Jun,vir,373,1,121,8,1,1,M6,M,6,,,,,,
Nys.syl.374.1,Nys,syl,374,1,,0,0,1,M6,M,6,,,,poison ivy,,
Pin.tae.375.1,Pin,tae,375,1,150,6,1,1,M6,M,6,,,,,,
Nys.syl.376.1,Nys,syl,376,1,115,1,1,1,M6,M,6,,,,,,
Nys.syl.377.1,Nys,syl,377,1,107,0,0,1,M6,M,6,,,,,,
Pin.tae.378.1,Pin,tae,378,1,346,4,1,1,M6,M,6,,,,,,
Jun.vir.379.1,Jun,vir,379,1,,,,,M6,M,6,,,,,,
Jun.vir.380.1,Jun,vir,380,1,164,7,1,1,M6,M,6,,,,,,
Jun.vir.381.1,Jun,vir,381,1,180,6,1,1,M6,M,6,,,,,,
Jun.vir.382.1,Jun,vir,382,1,,0,0,1,M6,M,6,,,,poison ivy,,
Jun.vir.383.1,Jun,vir,383,1,,8,1,1,M6,M,6,,,,poison ivy,,
Pin.tae.384.1,Pin,tae,384,1,,7,1,1,M6,M,6,,,,poison ivy,,
Jun.vir.385.1,Jun,vir,385,1,,0,0,0,M6,M,6,,,,poison ivy,,
Jun.vir.386.1,Jun,vir,386,1,,7,1,1,M6,M,6,,,,poison ivy,,
Jun.vir.387.1,Jun,vir,387,1,,0,0,1,M6,M,6,,,,,,
Jun.vir.388.1,Jun,vir,388,1,200,8,1,1,M6,M,6,,,,,,
Pin.tae.389.1,Pin,tae,389,1,365,7,1,1,M6,M,6,,,,,,
Nys.syl.390.1,Nys,syl,390,1,130,0,0,1,M6,M,6,,,,,,
Nys.syl.391.1,Nys,syl,391,1,135,4,1,1,M6,M,6,,,,,,
Pin.tae.392.1,Pin,tae,392,1,,0,0,1,M6,M,6,,,,can't obtain dbh,,
Jun.vir.393.1,Jun,vir,393,1,100,0,0,1,M6,M,6,,,,,,
Nys.syl.394.1,Nys,syl,394,1,203,2,1,1,M6,M,6,,,,,,
Nys.syl.395.1,Nys,syl,395,1,61,0,0,0,M6,M,6,,,,,,
Pin.tae.396.1,Pin,tae,396,1,485,5,1,1,M6,M,6,,,,,,
Pin.tae.397.1,Pin,tae,397,1,205,2,1,1,M6,M,6,,,,,,
Jun.vir.398.1,Jun,vir,398,1,64,0,0,1,M6,M,6,,,,,,
Jun.vir.399.1,Jun,vir,399,1,166,7,1,1,M6,M,6,,,,,,
Nys.syl.400.1,Nys,syl,400,1,181,7,1,1,M6,M,6,,,,,,
Mor.cer.505.1,Mor,cer,505,1,71,7,1,1,M6,M,6,,,,,,
Jun.vir.5829.1,Jun,vir,5829,1,164,7,1,1,M6,M,6,,,,,,
Uni.spp.5830.1,Uni,spp,5830,1,73,0,0,1,M6,M,6,,,,,,
Nys.syl.5831.1,Nys,syl,5831,1,183,0,0,1,M6,M,6,,,,,,
Pin.tae.5864.1,Pin,tae,5864,1,333,6,1,1,M6,M,6,,,,,,
Jun.vir.5865.1,Jun,vir,5865,1,135,6,1,1,M6,M,6,,,,,,
Pin.tae.5866.1,Pin,tae,5866,1,230,5,1,1,M6,M,6,,,,,,
Jun.vir.5867.1,Jun,vir,5867,1,120,8,1,1,M6,M,6,,,,,,
Uni.spp.5868.1,Uni,spp,5868,1,,,,,M6,M,6,,,,,,
Jun.vir.5869.1,Jun,vir,5869,1,,,,,M6,M,6,,,,,,
Jun.vir.385.2,Jun,vir,385,2,,,,,M6,M,6,,,,,,
Jun.vir.5145.1,Jun,vir,5145,1,,0,0,1,M6,M,6,,,,,,
Mor.cer.5144.1,Mor,cer,5144,1,57,7,1,1,M6,M,6,,,,,,
Mor.cer.5143.1,Mor,cer,5143,1,52,0,0,1,M6,M,6,,,,,,
Mor.cer.505.2,Mor,cer,505,2,55,7,1,1,M6,M,6,,,,,,
Mor.cer.590.1,Mor,cer,590,1,71,8,1,1,M6,M,6,,,,,,
Pin.tae.308.1,Pin,tae,308,1,331,0,0,1,M7,M,7,,,,,,
Pin.tae.309.1,Pin,tae,309,1,153,0,0,1,M7,M,7,,,,,,
Jun.vir.310.1,Jun,vir,310,1,103,0,0,1,M7,M,7,,,,,,
Pin.tae.311.1,Pin,tae,311,1,445,3,,,M7,M,7,,,,,,
Jun.vir.312.1,Jun,vir,312,1,235,8,1,1,M7,M,7,,,,,,
Pin.tae.313.1,Pin,tae,313,1,337,5,1,1,M7,M,7,,,,,,
Pin.tae.314.1,Pin,tae,314,1,497,6,1,1,M7,M,7,,,,,,
Jun.vir.315.1,Jun,vir,315,1,120,0,0,1,M7,M,7,,,,,,
Jun.vir.316.1,Jun,vir,316,1,110,0,0,1,M7,M,7,,,,,,
Pin.tae.317.1,Pin,tae,317,1,195,5,1,1,M7,M,7,,,,,,
Nys.syl.318.1,Nys,syl,318,1,88,0,0,1,M7,M,7,,,,,,
Jun.vir.319.1,Jun,vir,319,1,113,0,0,1,M7,M,7,,,,,,
Jun.vir.320.1,Jun,vir,320,1,214,0,0,1,M7,M,7,,,,"200 range, not 450",,
Pin.tae.321.1,Pin,tae,321,1,502,9,1,1,M7,M,7,,,,,,
Pin.tae.322.1,Pin,tae,322,1,284,5,1,1,M7,M,7,,,,,,
Jun.vir.323.1,Jun,vir,323,1,113,3,1,1,M7,M,7,,,,,,
Jun.vir.324.1,Jun,vir,324,1,,0,0,1,M7,M,7,,,,,,
Jun.vir.325.1,Jun,vir,325,1,,5,1,1,M7,M,7,,,,,,
Jun.vir.326.1,Jun,vir,326,1,74,0,0,1,M7,M,7,,,,,,
Pin.tae.327.1,Pin,tae,327,1,425,0,0,1,M7,M,7,,,,,,
Jun.vir.328.1,Jun,vir,328,1,143,8,1,1,M7,M,7,,,,,,
Nys.syl.329.1,Nys,syl,329,1,,0,0,0,M7,M,7,,,,fallen,,
Pin.tae.330.1,Pin,tae,330,1,400,5,1,1,M7,M,7,,,,,,
Nys.syl.331.1,Nys,syl,331,1,148,0,0,1,M7,M,7,,,,,,
Jun.vir.332.1,Jun,vir,332,1,194,5,1,1,M7,M,7,,,,,,
Nys.syl.333.1,Nys,syl,333,1,68,0,0,1,M7,M,7,,,,,,
Jun.vir.334.1,Jun,vir,334,1,157,0,0,1,M7,M,7,,,,,,
Nys.syl.335.1,Nys,syl,335,1,112,1,1,,M7,M,7,,,,,,
Nys.syl.336.1,Nys,syl,336,1,78,0,0,1,M7,M,7,,,,A5336 one tree,,
Pin.tae.337.1,Pin,tae,337,1,391,7,1,1,M7,M,7,,,,,,
Mor.cer.454.1,Mor,cer,454,1,125,7,1,1,M7,M,7,,,,,,
Jun.vir.5832.1,Jun,vir,5832,1,,,,,M7,M,7,,,,,,
Jun.vir.5833.1,Jun,vir,5833,1,143,5,1,1,M7,M,7,,,,,,
Jun.vir.5834.1,Jun,vir,5834,1,93,0,0,1,M7,M,7,,,,,,
Jun.vir.5835.1,Jun,vir,5835,1,307,0,0,1,M7,M,7,,,,,Pin,tae
Uni.spp.5836.1,Uni,spp,5836,1,341,4,1,1,M7,M,7,,,,,Pin,tae
Jun.vir.914.1,Jun,vir,914,1,173,0,0,1,M7,M,7,,,,,,
Uni.spp.915.1,Uni,spp,915,1,100,0,0,1,M7,M,7,,,,,,
Uni.spp.920.1,Uni,spp,920,1,32,0,0,1,M7,M,7,,,,,,
Jun.vir.979.1,Jun,vir,979,1,,0,0,1,M7,M,7,,,,,,
Nys.syl.331.2,Nys,syl,331,2,175,0,0,1,M7,M,7,,,,merge 3rd stem!,,
Mor.cer.454.2,Mor,cer,454,2,54,8,1,1,M7,M,7,,,,,,
Nys.syl.331.3,Nys,syl,331,3,,,,,M7,M,7,,,,,,
Mor.cer.454.3,Mor,cer,454,3,56,7,1,1,M7,M,7,,,,,,
Pin.tae.255.1,Pin,tae,255,1,360,8,1,1,H0,H,0,,,,,,
Nys.syl.256.1,Nys,syl,256,1,79,8,1,1,H0,H,0,,,,,,
Nys.syl.257.1,Nys,syl,257,1,154,9,1,1,H0,H,0,,,,,,
Pin.tae.258.1,Pin,tae,258,1,443,9,1,1,H0,H,0,,,,,,
Nys.syl.259.1,Nys,syl,259,1,30,4,1,1,H0,H,0,,,,,,
Nys.syl.260.1,Nys,syl,260,1,261,8,1,1,H0,H,0,,,,,,
Nys.syl.261.1,Nys,syl,261,1,70,6,1,1,H0,H,0,,,,,,
Nys.syl.262.1,Nys,syl,262,1,189,0,0,1,H0,H,0,,,,,,
Nys.syl.263.1,Nys,syl,263,1,,0,0,0,H0,H,0,,,,,,
Pin.tae.264.1,Pin,tae,264,1,257,6,1,1,H0,H,0,,,,,,
Nys.syl.265.1,Nys,syl,265,1,130,0,0,1,H0,H,0,,,,,,
Pin.tae.266.1,Pin,tae,266,1,409,7,1,1,H0,H,0,,,,,,
Nys.syl.267.1,Nys,syl,267,1,179,8,1,1,H0,H,0,,,,,,
Nys.syl.268.1,Nys,syl,268,1,183,9,1,1,H0,H,0,,,,,,
Pin.tae.269.1,Pin,tae,269,1,568,9,1,1,H0,H,0,,,,,,
Pin.tae.270.1,Pin,tae,270,1,322,7,1,1,H0,H,0,,,,,,
Nys.syl.271.1,Nys,syl,271,1,206,9,1,1,H0,H,0,,,,,,
Pin.tae.272.1,Pin,tae,272,1,347,7,1,1,H0,H,0,,,,,,
Nys.syl.273.1,Nys,syl,273,1,148,9,1,1,H0,H,0,,,,,,
Nys.syl.274.1,Nys,syl,274,1,59,8,1,1,H0,H,0,,,,,,
Nys.syl.275.1,Nys,syl,275,1,77,8,1,1,H0,H,0,,,,,,
Pin.tae.276.1,Pin,tae,276,1,555,8,1,1,H0,H,0,,,,,,
Nys.syl.277.1,Nys,syl,277,1,29,6,1,1,H0,H,0,,,,,,
Nys.syl.278.1,Nys,syl,278,1,48,7,1,1,H0,H,0,,,,,,
Pin.tae.279.1,Pin,tae,279,1,543,8,1,1,H0,H,0,,,,,,
Pin.tae.280.1,Pin,tae,280,1,354,8,1,1,H0,H,0,,,,,,
Nys.syl.281.1,Nys,syl,281,1,53,8,1,1,H0,H,0,,,,,,
Nys.syl.282.1,Nys,syl,282,1,157,9,1,1,H0,H,0,,,,,,
Ace.rub.283.1,Ace,rub,283,1,234,9,1,1,H0,H,0,,,,,,
Uni.spp.284.1,Uni,spp,284,1,,,,,H0,H,0,,,,,,
Nys.syl.285.1,Nys,syl,285,1,309,9,1,1,H0,H,0,,,,,,
Pin.tae.286.1,Pin,tae,286,1,309,5,1,1,H0,H,0,,,,,,
Nys.syl.287.1,Nys,syl,287,1,216,7,1,1,H0,H,0,,,,,,
Nys.syl.288.1,Nys,syl,288,1,180,9,1,1,H0,H,0,,,,,,
Pin.tae.289.1,Pin,tae,289,1,554,8,1,1,H0,H,0,,,,,,
Pin.tae.290.1,Pin,tae,290,1,511,8,1,1,H0,H,0,,,,,,
Liq.sty.291.1,Liq,sty,291,1,234,7,1,1,H0,H,0,,,,,,
Ile.opa.292.1,Ile,opa,292,1,158,9,1,1,H0,H,0,,,,,,
Ace.pen.293.1,Ace,pen,293,1,130,7,1,1,H0,H,0,,,,,Liq,sty
Ile.opa.294.1,Ile,opa,294,1,107,8,1,1,H0,H,0,,,,,,
Ile.opa.295.1,Ile,opa,295,1,127,9,1,1,H0,H,0,,,,,,
Pin.tae.296.1,Pin,tae,296,1,278,8,1,1,H0,H,0,,,,,,
Ace.pen.297.1,Ace,pen,297,1,212,9,1,1,H0,H,0,,,,species change,Ace,rub
Ace.spp.298.1,Ace,spp,298,1,131,7,1,1,H0,H,0,,,,,Ace,rub
Ace.pen.299.1,Ace,pen,299,1,148,8,1,1,H0,H,0,,,,,Liq,sty
Pin.tae.300.1,Pin,tae,300,1,258,8,1,1,H0,H,0,,,,,,
Ile.opa.5840.1,Ile,opa,5840,1,88,7,1,1,H0,H,0,,,,,Nys,syl
Nys.syl.5841.1,Nys,syl,5841,1,99,8,1,1,H0,H,0,,,,,Ile,opa
Uni.spp.99.1,Uni,spp,99,1,,,,,H0,H,0,,,,missing,,
Nys.syl.257.2,Nys,syl,257,2,75,7,1,1,H0,H,0,,,,,,
Nys.syl.274.2,Nys,syl,274,2,41,3,1,1,H0,H,0,,,,,,
Nys.syl.281.2,Nys,syl,281,2,45,4,1,1,H0,H,0,,,,,,
Nys.syl.274.3,Nys,syl,274,3,38,0,0,1,H0,H,0,,,,,,
Pin.tae.5269.1,Pin,tae,5269,1,24,8,1,1,H0,H,0,,,,water potential tree,,
Pin.tae.102.1,Pin,tae,102,1,136,0,0,1,H2,H,2,,,,,,
Pin.tae.103.1,Pin,tae,103,1,,,,,H2,H,2,,,,,,
Uni.spp.104.1,Uni,spp,104,1,,,,,H2,H,2,,,,,,
Nys.syl.175.1,Nys,syl,175,1,184,8,1,1,H2,H,2,,,,,,
Pin.tae.176.1,Pin,tae,176,1,342,6,1,1,H2,H,2,,,,,,
Pin.tae.177.1,Pin,tae,177,1,362,7,1,1,H2,H,2,,,,,,
Nys.syl.178.1,Nys,syl,178,1,65,8,1,1,H2,H,2,,,,,,
Nys.syl.179.1,Nys,syl,179,1,54,9,1,1,H2,H,2,,,,,,
Pin.tae.180.1,Pin,tae,180,1,249,4,1,1,H2,H,2,,,,,,
Nys.syl.181.1,Nys,syl,181,1,88,6,1,1,H2,H,2,,,,,,
Pin.tae.182.1,Pin,tae,182,1,297,4,1,1,H2,H,2,,,,,,
Pin.tae.183.1,Pin,tae,183,1,324,4,1,1,H2,H,2,,,,,,
Nys.syl.184.1,Nys,syl,184,1,152,7,1,1,H2,H,2,,,,,,
Nys.syl.185.1,Nys,syl,185,1,118,5,1,1,H2,H,2,,,,,,
Nys.syl.186.1,Nys,syl,186,1,52,2,1,1,H2,H,2,,,,,,
Nys.syl.187.1,Nys,syl,187,1,74,2,1,1,H2,H,2,,,,,,
Nys.syl.188.1,Nys,syl,188,1,65,3,1,1,H2,H,2,,,,,,
Nys.syl.189.1,Nys,syl,189,1,73,4,1,1,H2,H,2,,,,,,
Nys.syl.190.1,Nys,syl,190,1,95,4,1,1,H2,H,2,,,,,,
Nys.syl.191.1,Nys,syl,191,1,77,3,1,1,H2,H,2,,,,,,
Nys.syl.192.1,Nys,syl,192,1,52,3,1,1,H2,H,2,,,,,,
Pin.tae.193.1,Pin,tae,193,1,452,8,1,1,H2,H,2,,,,,,
Pin.tae.194.1,Pin,tae,194,1,267,6,1,1,H2,H,2,,,,,,
Nys.syl.195.1,Nys,syl,195,1,104,7,1,1,H2,H,2,,,,,,
Pin.tae.196.1,Pin,tae,196,1,312,5,1,1,H2,H,2,,,,,,
Pin.tae.201.1,Pin,tae,201,1,161,4,1,1,H2,H,2,,,,,,
Pin.tae.202.1,Pin,tae,202,1,358,3,1,1,H2,H,2,,,,,,
Pin.tae.203.1,Pin,tae,203,1,449,7,1,1,H2,H,2,,,,,,
Pin.tae.204.1,Pin,tae,204,1,443,6,1,1,H2,H,2,,,,,,
Nys.syl.205.1,Nys,syl,205,1,202,8,1,1,H2,H,2,,,,,,
Nys.syl.206.1,Nys,syl,206,1,98,4,1,1,H2,H,2,,,,,,
Nys.syl.207.1,Nys,syl,207,1,98,9,1,1,H2,H,2,,,,,,
Pin.tae.208.1,Pin,tae,208,1,470,8,1,1,H2,H,2,,,,,,
Nys.syl.210.1,Nys,syl,210,1,204,10,1,1,H2,H,2,,,,,,
Pin.tae.5839.1,Pin,tae,5839,1,,,,,H2,H,2,,,,,,
Pin.tae.5859.1,Pin,tae,5859,1,335,7,1,1,H2,H,2,,,,,,
Nys.syl.192.2,Nys,syl,192,2,41,3,1,1,H2,H,2,,,,,,
Pin.tae.101.1,Pin,tae,101,1,,,,,H3,H,3,,,,confirmed kill,,
Nys.syl.153.1,Nys,syl,153,1,,9,1,1,H3,H,3,,,,,,
Pin.tae.154.1,Pin,tae,154,1,261,6,1,1,H3,H,3,,,,,,
Nys.syl.155.1,Nys,syl,155,1,214,8,1,1,H3,H,3,,,,,,
Pin.tae.156.1,Pin,tae,156,1,,,,,H3,H,3,,,,out of plot -> missing,,
Pin.tae.157.1,Pin,tae,157,1,415,8,1,1,H3,H,3,,,,,,
Pin.tae.158.1,Pin,tae,158,1,334,6,1,1,H3,H,3,,,,,,
Nys.syl.159.1,Nys,syl,159,1,399,9,1,1,H3,H,3,,,,,,
Pin.tae.160.1,Pin,tae,160,1,491,8,1,1,H3,H,3,,,,,,
Pin.tae.161.1,Pin,tae,161,1,234,6,1,1,H3,H,3,,,,,,
Ile.opa.162.1,Ile,opa,162,1,97,9,1,1,H3,H,3,,,,,,
Pin.tae.163.1,Pin,tae,163,1,368,5,1,1,H3,H,3,,,,,,
Pin.tae.164.1,Pin,tae,164,1,466,7,1,1,H3,H,3,,,,,,
Ile.opa.165.1,Ile,opa,165,1,52,6,1,1,H3,H,3,,,,split in half,,
Ile.opa.166.1,Ile,opa,166,1,133,6,1,1,H3,H,3,,,,split in half,,
Pin.tae.167.1,Pin,tae,167,1,386,6,1,1,H3,H,3,,,,,,
Nys.syl.168.1,Nys,syl,168,1,285,6,1,1,H3,H,3,,,,,,
Pin.tae.169.1,Pin,tae,169,1,340,7,1,1,H3,H,3,,,,,,
Pin.tae.170.1,Pin,tae,170,1,183,0,0,1,H3,H,3,,,,,,
Pin.tae.171.1,Pin,tae,171,1,334,7,1,1,H3,H,3,,,,,,
Pin.tae.172.1,Pin,tae,172,1,433,8,1,1,H3,H,3,,,,,,
Pin.tae.173.1,Pin,tae,173,1,417,5,1,1,H3,H,3,,,,,,
Pin.tae.174.1,Pin,tae,174,1,305,7,1,1,H3,H,3,,,,,,
Pin.tae.509.1,Pin,tae,509,1,,0,0,1,H3,H,3,,,,,,
Pin.tae.510.1,Pin,tae,510,1,,,,,H3,H,3,,,,confirmed kill,,
Pin.tae.511.1,Pin,tae,511,1,,0,0,1,H3,H,3,,,,second trunk of 172,,
Uni.spp.512.1,Uni,spp,512,1,,,,,H3,H,3,,,,,,
Uni.spp.575.1,Uni,spp,575,1,,,,,H3,H,3,,,,,,
Pin.tae.5842.1,Pin,tae,5842,1,194,0,0,1,H3,H,3,,,,,,
Nys.syl.153.2,Nys,syl,153,2,130,8,1,1,H3,H,3,,,,,,
Uni.spp.512.2,Uni,spp,512,2,,,,,H3,H,3,,,,,,
Nys.syl.153.3,Nys,syl,153,3,129,7,1,1,H3,H,3,,,,,,
Liq.sty.108.1,Liq,sty,108,1,73,4,1,1,H4,H,4,,,,,,
Ile.opa.109.1,Ile,opa,109,1,23,5,1,1,H4,H,4,,,,,,
Ile.opa.110.1,Ile,opa,110,1,25,5,1,1,H4,H,4,,,,,,
Ile.opa.111.1,Ile,opa,111,1,171,10,1,1,H4,H,4,,,,,,
Pin.tae.112.1,Pin,tae,112,1,,,,,H4,H,4,,,,,,
Pin.tae.113.1,Pin,tae,113,1,585,9,1,1,H4,H,4,,,,,,
Ace.rub.114.1,Ace,rub,114,1,138,0,0,1,H4,H,4,,,,,,
Pin.tae.115.1,Pin,tae,115,1,326,6,1,1,H4,H,4,,,,,,
Pin.tae.116.1,Pin,tae,116,1,289,6,1,1,H4,H,4,,,,,,
Nys.syl.117.1,Nys,syl,117,1,94,9,1,1,H4,H,4,,,,,,
Pin.tae.118.1,Pin,tae,118,1,408,7,1,1,H4,H,4,,,,,,
Ace.rub.119.1,Ace,rub,119,1,239,8,1,1,H4,H,4,,,,,,
Ace.rub.120.1,Ace,rub,120,1,,0,0,0,H4,H,4,,,,,,
Ace.rub.121.1,Ace,rub,121,1,132,9,1,1,H4,H,4,,,,,,
Liq.sty.122.1,Liq,sty,122,1,89,7,1,1,H4,H,4,,,,,,
Nys.syl.123.1,Nys,syl,123,1,137,9,1,1,H4,H,4,,,,,,
Liq.sty.124.1,Liq,sty,124,1,165,8,1,1,H4,H,4,,,,,,
Pin.tae.125.1,Pin,tae,125,1,533,9,1,1,H4,H,4,,,,,,
Pin.tae.126.1,Pin,tae,126,1,246,6,1,1,H4,H,4,,,,,,
Ile.opa.127.1,Ile,opa,127,1,123,7,1,1,H4,H,4,,,,,,
Pin.tae.128.1,Pin,tae,128,1,480,9,1,1,H4,H,4,,,,,,
Liq.sty.129.1,Liq,sty,129,1,150,8,1,1,H4,H,4,,,,,,
Uni.spp.130.1,Uni,spp,130,1,207,0,0,1,H4,H,4,,,,,Ace,rub
Ace.rub.131.1,Ace,rub,131,1,,,,,H4,H,4,,,,dead,,
Pin.tae.132.1,Pin,tae,132,1,307,0,0,1,H4,H,4,,,,,,
Pin.tae.133.1,Pin,tae,133,1,,,,,H4,H,4,,,,confirmed kill,,
Liq.sty.134.1,Liq,sty,134,1,102,9,1,1,H4,H,4,,,,,,
Ile.opa.135.1,Ile,opa,135,1,100,9,1,1,H4,H,4,,,,,,
Nys.syl.136.1,Nys,syl,136,1,,,,,H4,H,4,,,,,,
Pin.tae.137.1,Pin,tae,137,1,297,7,1,1,H4,H,4,,,,,,
Liq.sty.138.1,Liq,sty,138,1,107,7,1,1,H4,H,4,,,,,,
Liq.sty.139.1,Liq,sty,139,1,77,5,1,1,H4,H,4,,,,,,
Ace.rub.140.1,Ace,rub,140,1,209,10,1,1,H4,H,4,,,,,,
Pin.tae.141.1,Pin,tae,141,1,260,4,1,1,H4,H,4,,,,,,
Liq.sty.142.1,Liq,sty,142,1,73,3,1,1,H4,H,4,,,,,,
Liq.sty.143.1,Liq,sty,143,1,79,6,1,1,H4,H,4,,,,,,
Pin.tae.144.1,Pin,tae,144,1,528,7,1,1,H4,H,4,,,,,,
Liq.sty.145.1,Liq,sty,145,1,110,9,1,1,H4,H,4,,,,,,
Pin.tae.146.1,Pin,tae,146,1,,,,,H4,H,4,,,,,,
Liq.sty.147.1,Liq,sty,147,1,132,8,1,1,H4,H,4,,,,,,
Pin.tae.148.1,Pin,tae,148,1,388,9,1,1,H4,H,4,,,,,,
Ile.opa.149.1,Ile,opa,149,1,70,10,1,1,H4,H,4,,,,,,
Pin.tae.150.1,Pin,tae,150,1,391,7,1,1,H4,H,4,,,,,,
Ace.rub.151.1,Ace,rub,151,1,91,10,1,1,H4,H,4,,,,,,
Ace.rub.152.1,Ace,rub,152,1,99,9,1,1,H4,H,4,,,,,,
Nys.syl.507.1,Nys,syl,507,1,122,5,1,1,H4,H,4,,,,,,
Pin.tae.508.1,Pin,tae,508,1,352,6,1,1,H4,H,4,,,,,,
Nys.syl.992.1,Nys,syl,992,1,194,6,1,1,H4,H,4,,,,,,
Ace.rub.119.2,Ace,rub,119,2,104,0,0,1,H4,H,4,,,,,,
Ace.rub.140.2,Ace,rub,140,2,87,9,1,1,H4,H,4,,,,,,
Ile.opa.149.2,Ile,opa,149,2,64,10,1,1,H4,H,4,,,,,,
Ace.rub.151.2,Ace,rub,151,2,64,9,1,1,H4,H,4,,,,,,
Ile.opa.149.3,Ile,opa,149,3,44,6,1,1,H4,H,4,,,,,,
Pin.tae.548.1,Pin,tae,548,1,384,6,1,1,H5,H,5,,,,,,
Pin.tae.549.1,Pin,tae,549,1,448,7,1,1,H5,H,5,,,,,,
Pin.tae.550.1,Pin,tae,550,1,338,5,1,1,H5,H,5,,,,,,
Ile.opa.551.1,Ile,opa,551,1,32,8,1,1,H5,H,5,,,,,,
Pin.tae.552.1,Pin,tae,552,1,389,4,1,1,H5,H,5,,,,,,
Pin.tae.553.1,Pin,tae,553,1,310,4,1,1,H5,H,5,,,,,,
Nys.syl.554.1,Nys,syl,554,1,107,9,1,1,H5,H,5,,,,,,
Pin.tae.555.1,Pin,tae,555,1,390,4,1,1,H5,H,5,,,,,,
Pin.tae.556.1,Pin,tae,556,1,194,3,1,1,H5,H,5,,,,,,
Nys.syl.557.1,Nys,syl,557,1,93,7,1,1,H5,H,5,,,,out of plot,,
Pin.tae.558.1,Pin,tae,558,1,338,8,1,1,H5,H,5,,,,,,
Ace.rub.559.1,Ace,rub,559,1,,,,,H5,H,5,,,,,,
Pin.tae.560.1,Pin,tae,560,1,380,8,1,1,H5,H,5,,,,,,
Pin.tae.561.1,Pin,tae,561,1,153,0,0,1,H5,H,5,,,,,,
Pin.tae.562.1,Pin,tae,562,1,359,5,1,1,H5,H,5,,,,,,
Nys.syl.563.1,Nys,syl,563,1,161,10,1,1,H5,H,5,,,,,,
Ile.opa.564.1,Ile,opa,564,1,105,9,1,1,H5,H,5,,,,,,
Pin.tae.565.1,Pin,tae,565,1,317,6,1,1,H5,H,5,,,,,,
Pin.tae.566.1,Pin,tae,566,1,79,0,0,1,H5,H,5,,,,,,
Nys.syl.567.1,Nys,syl,567,1,190,6,1,1,H5,H,5,,,,out of plot (H2),,
Pin.tae.568.1,Pin,tae,568,1,277,6,1,1,H5,H,5,,,,,,
Pin.tae.569.1,Pin,tae,569,1,295,6,1,1,H5,H,5,,,,,,
Pin.tae.570.1,Pin,tae,570,1,454,7,1,1,H5,H,5,,,,,,
Ile.opa.571.1,Ile,opa,571,1,113,9,1,1,H5,H,5,,,,,,
Liq.sty.572.1,Liq,sty,572,1,,,,,H5,H,5,,,,,,
Pin.tae.573.1,Pin,tae,573,1,356,7,1,1,H5,H,5,,,,,,
Pin.tae.907.1,Pin,tae,907,1,,,,,H5,H,5,,,,,,
Ace.rub.912.1,Ace,rub,912,1,198,0,0,1,H5,H,5,,,,,,
Ile.opa.571.2,Ile,opa,571,2,115,9,1,1,H5,H,5,,,,,,
Ace.spp.516.1,Ace,spp,516,1,220,0,0,1,H6,H,6,,,,,,
Pin.tae.517.1,Pin,tae,517,1,359,0,0,1,H6,H,6,,,,,,
Pin.tae.518.1,Pin,tae,518,1,128,7,1,1,H6,H,6,,,,,,
Nys.syl.519.1,Nys,syl,519,1,147,7,1,1,H6,H,6,,,,,,
Pin.tae.520.1,Pin,tae,520,1,,,,,H6,H,6,,,,,,
Ile.opa.521.1,Ile,opa,521,1,68,8,1,1,H6,H,6,,,,,,
Uni.spp.522.1,Uni,spp,522,1,,,,,H6,H,6,,,,,,
Pin.tae.523.1,Pin,tae,523,1,498,0,0,1,H6,H,6,,,,,,
Uni.spp.524.1,Uni,spp,524,1,,,,,H6,H,6,,,,,,
Nys.syl.525.1,Nys,syl,525,1,150,6,1,1,H6,H,6,,,,,,
Pin.tae.526.1,Pin,tae,526,1,312,0,0,1,H6,H,6,,,,,,
Pin.tae.527.1,Pin,tae,527,1,355,6,1,1,H6,H,6,,,,,,
Ile.opa.528.1,Ile,opa,528,1,,,,,H6,H,6,,,,new tag 604,,
Pin.tae.529.1,Pin,tae,529,1,371,7,1,1,H6,H,6,,,,,,
Nys.syl.530.1,Nys,syl,530,1,53,0,0,1,H6,H,6,,,,,,
Nys.syl.531.1,Nys,syl,531,1,215,9,1,1,H6,H,6,,,,,,
Jun.vir.532.1,Jun,vir,532,1,,,,,H6,H,6,,,,,,
Nys.syl.533.1,Nys,syl,533,1,215,6,1,1,H6,H,6,,,,,,
Nys.syl.534.1,Nys,syl,534,1,227,5,1,1,H6,H,6,,,,,,
Pin.tae.535.1,Pin,tae,535,1,380,7,1,1,H6,H,6,,,,,,
Nys.syl.536.1,Nys,syl,536,1,65,5,1,1,H6,H,6,,,,,,
Nys.syl.537.1,Nys,syl,537,1,,,,,H6,H,6,,,,,,
Pin.tae.538.1,Pin,tae,538,1,462,9,1,1,H6,H,6,,,,,,
Jun.vir.539.1,Jun,vir,539,1,67,8,1,1,H6,H,6,,,,water potential tree,,
Ile.opa.540.1,Ile,opa,540,1,42,6,1,1,H6,H,6,,,,,,
Jun.vir.541.1,Jun,vir,541,1,48,6,1,1,H6,H,6,,,,,,
Nys.syl.542.1,Nys,syl,542,1,269,8,1,1,H6,H,6,,,,,,
Pin.tae.543.1,Pin,tae,543,1,282,5,1,1,H6,H,6,,,,,,
Nys.syl.544.1,Nys,syl,544,1,132,9,1,1,H6,H,6,,,,,,
Pin.tae.545.1,Pin,tae,545,1,439,7,1,1,H6,H,6,,,,,,
Pin.tae.546.1,Pin,tae,546,1,233,6,1,1,H6,H,6,,,,,,
Nys.syl.547.1,Nys,syl,547,1,67,5,1,1,H6,H,6,,,,,,
Ile.opa.521.2,Ile,opa,521,2,59,9,1,1,H6,H,6,,,,,,
Pin.tae.529.2,Pin,tae,529,2,363,7,1,1,H6,H,6,,,,,,
Nys.syl.533.2,Nys,syl,533,2,143,7,1,1,H6,H,6,,,,,,
Ile.opa.604.1,Ile,opa,604,1,81,10,1,1,H6,H,6,,,,,,
Nys.syl.451.1,Nys,syl,451,1,32,4,1,1,H6,H,6,,,,,,
Pin.tae.5307.1,Pin,tae,5307,1,20,8,1,1,H6,H,6,,,,,,
Pin.tae.459.1,Pin,tae,459,1,407,5,1,1,H7,H,7,,,,,,
Pin.tae.460.1,Pin,tae,460,1,490,8,1,1,H7,H,7,,,,,,
Uni.spp.877.1,Uni,spp,877,1,159,0,0,1,H7,H,7,,,,,Nys,syl
Pin.tae.878.1,Pin,tae,878,1,,0,0,0,H7,H,7,,,,confirmed kill,,
Nys.syl.879.1,Nys,syl,879,1,228,6,1,1,H7,H,7,,,,,,
Nys.syl.880.1,Nys,syl,880,1,131,0,0,1,H7,H,7,,,,,,
Pin.tae.881.1,Pin,tae,881,1,328,6,1,1,H7,H,7,,,,,,
Jun.vir.882.1,Jun,vir,882,1,34,5,1,1,H7,H,7,,,,,,
Que.spp.883.1,Que,spp,883,1,66,4,1,1,H7,H,7,,,,Que.mic?,,
Pin.tae.884.1,Pin,tae,884,1,440,7,1,1,H7,H,7,,,,,,
Pin.tae.885.1,Pin,tae,885,1,81,8,0,1,H7,H,7,,,,,,
Pin.tae.886.1,Pin,tae,886,1,175,6,1,1,H7,H,7,,,,,,
Pin.tae.887.1,Pin,tae,887,1,337,7,1,1,H7,H,7,,,,,,
Uni.spp.888.1,Uni,spp,888,1,,0,0,1,H7,H,7,,,,,,
Nys.syl.889.1,Nys,syl,889,1,92,5,1,1,H7,H,7,,,,,,
Nys.syl.890.1,Nys,syl,890,1,186,0,0,1,H7,H,7,,,,,,
Pin.tae.891.1,Pin,tae,891,1,480,7,1,1,H7,H,7,,,,,,
Pin.tae.892.1,Pin,tae,892,1,397,7,1,1,H7,H,7,,,,,,
Pin.tae.893.1,Pin,tae,893,1,362,5,1,1,H7,H,7,,,,,,
Nys.syl.895.1,Nys,syl,895,1,,4,1,1,H7,H,7,,,,poison ivy,,
Pin.tae.896.1,Pin,tae,896,1,337,6,1,1,H7,H,7,,,,,,
Uni.spp.897.1,Uni,spp,897,1,,0,0,0,H7,H,7,,,,,,
Pin.tae.898.1,Pin,tae,898,1,375,7,1,1,H7,H,7,,,,,,
Nys.syl.902.1,Nys,syl,902,1,85,5,1,1,H7,H,7,,,,,,
Uni.spp.903.1,Uni,spp,903,1,,0,0,0,H7,H,7,,,,,,
Que.bic.906.1,Que,bic,906,1,275,0,0,1,H7,H,7,,,,,,
Uni.spp.917.1,Uni,spp,917,1,98,7,1,1,H7,H,7,,,,,Nys,syl
Jun.vir.999.1,Jun,vir,999,1,50,0,0,1,H7,H,7,,,,,,
Nys.syl.890.2,Nys,syl,890,2,,,,,H7,H,7,,,,not found,,
Uni.spp.894.2,Uni,spp,894,2,,0,0,1,H7,H,7,,,,,,
Pin.tae.891.2,Pin,tae,891,2,91,0,0,1,H7,H,7,,,,,,
Que.bic.5298.1,Que,bic,5298,1,301,7,1,1,R1,R,1,,,,Que.alb??,,
Ace.rub.930.1,Ace,rub,930,1,254,8,1,1,R1,R,1,,,,knot,,
Ile.opa.932.1,Ile,opa,932,1,126,9,1,1,R1,R,1,,,,,,
Pin.tae.935.1,Pin,tae,935,1,664,7,1,1,R1,R,1,,,,,,
Ile.opa.936.1,Ile,opa,936,1,131,7,1,1,R1,R,1,,,,,,
Ace.rub.937.1,Ace,rub,937,1,436,9,1,1,R1,R,1,,,,,,
Ile.opa.938.1,Ile,opa,938,1,210,9,1,1,R1,R,1,,,,,,
Ace.rub.939.1,Ace,rub,939,1,138,8,1,1,R1,R,1,,,,,,
Ile.opa.940.1,Ile,opa,940,1,70,6,1,1,R1,R,1,,,,knot @ dbh,,
Ile.opa.941.1,Ile,opa,941,1,135,9,1,1,R1,R,1,,,,,,
Liq.sty.942.1,Liq,sty,942,1,171,5,1,1,R1,R,1,,,,knot @ dbh,,
Ile.opa.943.1,Ile,opa,943,1,78,8,1,1,R1,R,1,,,,,,
Ace.rub.944.1,Ace,rub,944,1,149,9,1,1,R1,R,1,,,,,,
Ile.opa.945.1,Ile,opa,945,1,97,9,1,1,R1,R,1,,,,knot @ dbh,,
Ace.rub.946.1,Ace,rub,946,1,98,7,1,1,R1,R,1,,,,knot @ dbh,,
Liq.sty.947.1,Liq,sty,947,1,217,7,1,1,R1,R,1,,,,,,
Ile.opa.948.1,Ile,opa,948,1,101,9,1,1,R1,R,1,,,,,,
Liq.sty.949.1,Liq,sty,949,1,449,9,1,1,R1,R,1,,,,,,
Uni.spp.950.1,Uni,spp,950,1,,,,,R1,R,1,,,,,,
Liq.sty.951.1,Liq,sty,951,1,207,6,1,1,R1,R,1,,,,,,
Ace.rub.952.1,Ace,rub,952,1,152,8,1,1,R1,R,1,,,,,,
Ile.opa.953.1,Ile,opa,953,1,152,8,1,1,R1,R,1,,,,,,
Pin.tae.954.1,Pin,tae,954,1,642,6,1,1,R1,R,1,,,,,,
Ile.opa.955.1,Ile,opa,955,1,139,9,1,1,R1,R,1,,,,,,
Pin.tae.956.1,Pin,tae,956,1,463,6,1,1,R1,R,1,,,,,,
Ile.opa.957.1,Ile,opa,957,1,144,9,1,1,R1,R,1,,,,,,
Ile.opa.958.1,Ile,opa,958,1,75,7,1,1,R1,R,1,,,,,,
Ile.opa.959.1,Ile,opa,959,1,108,9,1,1,R1,R,1,,,,knot @ dbh,,
Ace.rub.960.1,Ace,rub,960,1,184,8,1,1,R1,R,1,,,,,,
Ace.rub.961.1,Ace,rub,961,1,156,8,1,1,R1,R,1,,,,,,
Liq.sty.962.1,Liq,sty,962,1,325,7,1,1,R1,R,1,,,,,,
Uni.spp.963.1,Uni,spp,963,1,73,0,0,1,R1,R,1,,,,knot @ dbh,,
Ile.opa.983.1,Ile,opa,983,1,102,4,1,1,R1,R,1,,,,snapped in half,,
Ace.rub.984.1,Ace,rub,984,1,170,8,1,1,R1,R,1,,,,,,
Ile.opa.938.2,Ile,opa,938,2,217,10,1,1,R1,R,1,,,,,,
Ile.opa.958.2,Ile,opa,958,2,43,6,1,1,R1,R,1,,,,,,
Ile.opa.938.3,Ile,opa,938,3,52,5,1,1,R1,R,1,,,,,,
Ace.rub.960.2,Ace,rub,960,2,169,8,1,1,R1,R,1,,,,,,
Ace.rub.929.2,Ace,rub,929,2,204,10,1,1,R1,R,1,,,,,,
Ace.rub.929.1,Ace,rub,929,1,429,10,1,1,R1,R,1,,,,,,
Ile.opa.998.2,Ile,opa,998,2,45,4,1,1,R1,R,1,,,,,,
Ile.opa.601.1,Ile,opa,601,1,187,9,1,1,R2,R,2,,,,,,
Car.tom.602.1,Car,tom,602,1,79,9,1,1,R2,R,2,,,,,,
Car.tom.603.1,Car,tom,603,1,96,5,1,1,R2,R,2,,,,,Nys,syl
Ile.opa.604.1,Ile,opa,604,1,96,6,1,1,R2,R,2,,,,,,
Uni.spp.605.1,Uni,spp,605,1,129,0,0,1,R2,R,2,,,,,Pru,ser
Ile.opa.606.1,Ile,opa,606,1,118,9,1,1,R2,R,2,,,,,,
Liq.sty.607.1,Liq,sty,607,1,306,7,1,1,R2,R,2,,,,,,
Ile.opa.608.1,Ile,opa,608,1,95,7,1,1,R2,R,2,,,,,,
Pin.tae.609.1,Pin,tae,609,1,616,9,1,1,R2,R,2,,,,,,
Ace.rub.610.1,Ace,rub,610,1,361,3,1,1,R2,R,2,,,,,,
Ile.opa.611.1,Ile,opa,611,1,140,8,1,1,R2,R,2,,,,,,
Ile.opa.612.1,Ile,opa,612,1,194,10,1,1,R2,R,2,,,,,,
Ace.rub.613.1,Ace,rub,613,1,318,8,1,1,R2,R,2,,,,,,
Uni.spp.614.1,Uni,spp,614,1,103,0,0,1,R2,R,2,,,,,Pru,ser
Ile.opa.615.1,Ile,opa,615,1,112,8,1,1,R2,R,2,,,,,,
Ile.opa.616.1,Ile,opa,616,1,80,9,1,1,R2,R,2,,,,,,
Ile.opa.617.1,Ile,opa,617,1,80,7,1,1,R2,R,2,,,,,,
Ile.opa.618.1,Ile,opa,618,1,161,9,1,1,R2,R,2,,,,,,
Pin.tae.619.1,Pin,tae,619,1,523,7,1,1,R2,R,2,,,,,,
Pin.tae.620.1,Pin,tae,620,1,502,9,1,1,R2,R,2,,,,,,
Ile.opa.621.1,Ile,opa,621,1,59,7,1,1,R2,R,2,,,,,,
Ile.opa.622.1,Ile,opa,622,1,64,7,1,1,R2,R,2,,,,,,
Nys.syl.623.1,Nys,syl,623,1,129,3,,1,R2,R,2,,,,,Pru,ser
Ile.opa.624.1,Ile,opa,624,1,158,10,1,1,R2,R,2,,,,,,
Ile.opa.625.1,Ile,opa,625,1,57,7,1,1,R2,R,2,,,,,,
Ile.opa.626.1,Ile,opa,626,1,167,8,1,1,R2,R,2,,,,,,
Ile.opa.627.1,Ile,opa,627,1,41,0,0,0,R2,R,2,,,,,,
Pin.tae.628.1,Pin,tae,628,1,59,0,0,1,R2,R,2,,,,,,
Pin.tae.629.1,Pin,tae,629,1,496,8,1,1,R2,R,2,,,,,,
Ile.opa.630.1,Ile,opa,630,1,31,7,1,1,R2,R,2,,,,,,
Ile.opa.631.1,Ile,opa,631,1,49,7,1,1,R2,R,2,,,,,,
Mor.cer.632.1,Mor,cer,632,1,86,4,1,1,R2,R,2,,,,,,
Cor.flo.633.1,Cor,flo,633,1,97,8,1,1,R2,R,2,,,,,,
Ile.opa.634.1,Ile,opa,634,1,113,8,1,1,R2,R,2,,,,,,
Cor.flo.635.1,Cor,flo,635,1,94,8,1,1,R2,R,2,,,,,,
Pin.tae.636.1,Pin,tae,636,1,461,7,1,1,R2,R,2,,,,,,
Ile.opa.637.1,Ile,opa,637,1,164,9,1,1,R2,R,2,,,,,,
Liq.sty.638.1,Liq,sty,638,1,568,9,1,1,R2,R,2,,,,,,
Nys.syl.639.1,Nys,syl,639,1,132,3,1,1,R2,R,2,,,,,Pru,ser
Pin.tae.931.1,Pin,tae,931,1,559,8,1,1,R2,R,2,,,,,,
Vac.spp.933.1,Vac,spp,933,1,29,6,1,1,R2,R,2,,,,,,
Uni.spp.965.1,Uni,spp,965,1,82,0,0,1,R2,R,2,,,,,,
Ile.opa.967.1,Ile,opa,967,1,154,8,1,1,R2,R,2,,,,,,
Ile.opa.980.1,Ile,opa,980,1,46,4,1,1,R2,R,2,,,,,,
Ile.opa.981.1,Ile,opa,981,1,88,7,1,1,R2,R,2,,,,,,
Ile.opa.993.1,Ile,opa,993,1,84,8,1,1,R2,R,2,,,,,,
Ile.opa.994.1,Ile,opa,994,1,63,8,1,1,R2,R,2,,,,,,
Ile.opa.996.1,Ile,opa,996,1,116,9,1,1,R2,R,2,,,,,,
Nys.syl.997.1,Nys,syl,997,1,293,10,1,1,R2,R,2,,,,,,
Uni.spp.605.2,Uni,spp,605,2,105,0,0,1,R2,R,2,,,,,Pru,ser
Ile.opa.612.2,Ile,opa,612,2,49,8,1,1,R2,R,2,,,,,,
Nys.syl.623.2,Nys,syl,623,2,47,0,0,1,R2,R,2,,,,,Pru,ser
Ile.opa.626.2,Ile,opa,626,2,59,6,1,1,R2,R,2,,,,,,
Mor.cer.632.2,Mor,cer,632,2,58,0,0,1,R2,R,2,,,,,,
Ile.opa.634.2,Ile,opa,634,2,54,7,1,1,R2,R,2,,,,,,
Uni.spp.965.2,Uni,spp,965,2,,,,0,R2,R,2,,,,broken dead below dbh?,,
Ile.opa.5104.1,Ile,opa,5104,1,145,10,1,1,R2,R,2,,,,,,
Pin.tae.640.1,Pin,tae,640,1,458,8,1,1,R3,R,3,,,,,,
Ace.rub.641.1,Ace,rub,641,1,193,10,1,1,R3,R,3,,,,,,
Pin.tae.642.1,Pin,tae,642,1,452,7,1,1,R3,R,3,,,,,,
Pin.tae.643.1,Pin,tae,643,1,666,9,1,1,R3,R,3,,,,,,
Ile.opa.644.1,Ile,opa,644,1,58,9,1,1,R3,R,3,,,,,,
Pin.tae.645.1,Pin,tae,645,1,364,6,1,1,R3,R,3,,,,,,
Pin.tae.646.1,Pin,tae,646,1,387,7,1,1,R3,R,3,,,,,,
Ace.rub.647.1,Ace,rub,647,1,160,9,1,1,R3,R,3,,,,,,
Nys.syl.648.1,Nys,syl,648,1,81,9,1,1,R3,R,3,,,,,,
Ace.rub.649.1,Ace,rub,649,1,66,4,1,1,R3,R,3,,,,,,
Vac.spp.650.1,Vac,spp,650,1,29,7,1,1,R3,R,3,,,,,,
Nys.syl.659.1,Nys,syl,659,1,171,9,1,1,R3,R,3,,,,,,
Ace.rub.663.1,Ace,rub,663,1,202,9,1,1,R3,R,3,,,,,,
Nys.syl.664.1,Nys,syl,664,1,49,5,1,1,R3,R,3,,,,,,
Vac.spp.665.1,Vac,spp,665,1,37,6,1,1,R3,R,3,,,,,,
Ace.rub.671.1,Ace,rub,671,1,65,7,1,1,R3,R,3,,,,,,
Ace.rub.672.1,Ace,rub,672,1,125,8,1,1,R3,R,3,,,,,,
Uni.spp.673.1,Uni,spp,673,1,30,0,0,0,R3,R,3,,,,,,
Ace.rub.674.1,Ace,rub,674,1,139,9,1,1,R3,R,3,,,,,,
Pin.tae.675.1,Pin,tae,675,1,587,8,1,1,R3,R,3,,,,,,
Ace.rub.676.1,Ace,rub,676,1,122,4,1,1,R3,R,3,,,,,,
Nys.syl.677.1,Nys,syl,677,1,57,9,1,1,R3,R,3,,,,knot @ dbh,,
Nys.syl.678.1,Nys,syl,678,1,76,5,1,1,R3,R,3,,,,,,
Ace.rub.679.1,Ace,rub,679,1,202,9,1,1,R3,R,3,,,,,,
Pin.tae.680.1,Pin,tae,680,1,462,7,1,1,R3,R,3,,,,,,
Ace.rub.681.1,Ace,rub,681,1,271,9,1,1,R3,R,3,,,,,,
Ile.opa.682.1,Ile,opa,682,1,36,4,1,1,R3,R,3,,,,NYSSA!,Nys,syl
Pin.tae.683.1,Pin,tae,683,1,334,5,1,1,R3,R,3,,,,,,
Ile.opa.684.1,Ile,opa,684,1,102,9,1,1,R3,R,3,,,,,,
Ile.opa.685.1,Ile,opa,685,1,62,8,1,1,R3,R,3,,,,,,
Liq.sty.686.1,Liq,sty,686,1,294,8,1,1,R3,R,3,,,,,,
Vac.spp.687.1,Vac,spp,687,1,42,6,1,1,R3,R,3,,,,,,
Ace.rub.688.1,Ace,rub,688,1,69,9,1,1,R3,R,3,,,,,,
Liq.sty.689.1,Liq,sty,689,1,231,7,1,1,R3,R,3,,,,,,
Ace.rub.690.1,Ace,rub,690,1,139,10,1,1,R3,R,3,,,,,,
Pin.tae.691.1,Pin,tae,691,1,590,7,1,1,R3,R,3,,,,,,
Ace.rub.692.1,Ace,rub,692,1,163,7,1,1,R3,R,3,,,,Liq.sty!,Liq,sty
Pin.tae.693.1,Pin,tae,693,1,537,8,1,1,R3,R,3,,,,,,
Pin.tae.694.1,Pin,tae,694,1,524,7,1,1,R3,R,3,,,,,,
Ace.rub.695.1,Ace,rub,695,1,135,9,1,1,R3,R,3,,,,,,
Liq.sty.696.1,Liq,sty,696,1,206,6,1,1,R3,R,3,,,,,,
Ace.rub.697.1,Ace,rub,697,1,115,9,1,1,R3,R,3,,,,,,
Ace.rub.698.1,Ace,rub,698,1,193,10,1,1,R3,R,3,,,,,,
Ile.opa.699.1,Ile,opa,699,1,145,10,1,1,R3,R,3,,,,,,
Ace.rub.641.2,Ace,rub,641,2,85,0,0,1,R3,R,3,,,,,,
Vac.spp.665.2,Vac,spp,665,2,31,1,1,1,R3,R,3,,,,,,
Nys.syl.677.2,Nys,syl,677,2,36,0,0,1,R3,R,3,,,,,,
Ile.opa.684.2,Ile,opa,684,2,81,9,1,1,R3,R,3,,,,,,
Ace.rub.698.2,Ace,rub,698,2,90,3,1,1,R3,R,3,,,,,,
Ile.opa.670.1,Ile,opa,670,1,65,9,1,1,R3,R,3,,,,,,
Ile.opa.699.2,Ile,opa,699,2,20,0,0,1,R3,R,3,,,,,,
Ile.opa.5201.1,Ile,opa,5201,1,133,10,1,1,R4,R,4,,,,,,
Jun.vir.5202.1,Jun,vir,5202,1,64,0,0,1,R4,R,4,,,,,,
Nys.syl.5203.1,Nys,syl,5203,1,143,8,1,1,R4,R,4,,,,,Liq,sty
Pin.tae.5204.1,Pin,tae,5204,1,493,8,1,1,R4,R,4,,,,,,
Pin.tae.5205.1,Pin,tae,5205,1,531,7,1,1,R4,R,4,,,,,,
Pin.tae.5206.1,Pin,tae,5206,1,247,7,1,1,R4,R,4,,,,,,
Pin.tae.5207.1,Pin,tae,5207,1,528,7,1,1,R4,R,4,,,,,,
Nys.syl.5208.1,Nys,syl,5208,1,128,8,1,1,R4,R,4,,,,,,
Ile.opa.5210.1,Ile,opa,5210,1,110,4,1,1,R4,R,4,,,,,,
Uni.spp.5211.1,Uni,spp,5211,1,,0,0,1,R4,R,4,,,,,,
Ile.opa.5213.1,Ile,opa,5213,1,90,8,1,1,R4,R,4,,,,,,
Que.mic.5214.1,Que,mic,5214,1,351,9,1,1,R4,R,4,,,,,,
Nys.syl.5215.1,Nys,syl,5215,1,101,0,0,1,R4,R,4,,,,,Liq,sty
Ile.opa.5216.1,Ile,opa,5216,1,92,9,1,1,R4,R,4,,,,,,
Ile.opa.5217.1,Ile,opa,5217,1,98,8,1,1,R4,R,4,,,,,,
Nys.syl.5218.1,Nys,syl,5218,1,44,0,0,1,R4,R,4,,,,,,
Pin.tae.5219.1,Pin,tae,5219,1,458,6,1,1,R4,R,4,,,,,,
Ace.rub.5220.1,Ace,rub,5220,1,154,6,1,1,R4,R,4,,,,,,
Ile.opa.5222.1,Ile,opa,5222,1,61,8,1,1,R4,R,4,,,,,,
Liq.sty.5223.1,Liq,sty,5223,1,273,7,1,1,R4,R,4,,,,,,
Ile.opa.5224.1,Ile,opa,5224,1,127,10,1,1,R4,R,4,,,,,,
Ace.rub.5225.1,Ace,rub,5225,1,224,9,1,1,R4,R,4,,,,,,
Ile.opa.5226.1,Ile,opa,5226,1,124,9,1,1,R4,R,4,,,,,,
Ace.rub.5227.1,Ace,rub,5227,1,104,8,1,1,R4,R,4,,,,,,
Pin.tae.5228.1,Pin,tae,5228,1,339,6,1,1,R4,R,4,,,,,,
Ile.opa.5229.1,Ile,opa,5229,1,172,10,1,1,R4,R,4,,,,,,
Ace.rub.5230.1,Ace,rub,5230,1,242,9,1,1,R4,R,4,,,,,,
Ile.opa.5231.1,Ile,opa,5231,1,93,10,1,1,R4,R,4,,,,,,
Pin.tae.5232.1,Pin,tae,5232,1,521,7,1,1,R4,R,4,,,,,,
Pin.tae.5233.1,Pin,tae,5233,1,410,6,1,1,R4,R,4,,,,,,
Pin.tae.5234.1,Pin,tae,5234,1,167,0,0,1,R4,R,4,,,,snapped,,
Ile.opa.5235.1,Ile,opa,5235,1,58,9,1,1,R4,R,4,,,,,,
Nys.syl.5236.1,Nys,syl,5236,1,58,9,1,1,R4,R,4,,,,,,
Pin.tae.5237.1,Pin,tae,5237,1,377,7,1,1,R4,R,4,,,,,,
Ace.rub.5163.1,Ace,rub,5163,1,317,8,1,1,R4,R,4,,,,,,
Ace.rub.5239.1,Ace,rub,5239,1,84,0,0,1,R4,R,4,,,,,,
Pin.tae.5240.1,Pin,tae,5240,1,626,8,1,1,R4,R,4,,,,,,
Nys.syl.5241.1,Nys,syl,5241,1,68,7,1,1,R4,R,4,,,,,,
Ile.opa.5242.1,Ile,opa,5242,1,78,9,1,1,R4,R,4,,,,,,
Ace.rub.5243.1,Ace,rub,5243,1,137,9,1,1,R4,R,4,,,,,,
Liq.sty.5244.1,Liq,sty,5244,1,82,6,1,1,R4,R,4,,,,,,
Nys.syl.5246.1,Nys,syl,5246,1,42,2,1,1,R4,R,4,,,,,,
Nys.syl.5247.1,Nys,syl,5247,1,90,8,1,1,R4,R,4,,,,,,
Liq.sty.5248.1,Liq,sty,5248,1,48,0,0,1,R4,R,4,,,,,,
Ile.opa.5249.1,Ile,opa,5249,1,134,10,1,1,R4,R,4,,,,,,
Nys.syl.5250.1,Nys,syl,5250,1,41,2,1,1,R4,R,4,,,,,,
Nys.syl.5251.1,Nys,syl,5251,1,40,1,1,1,R4,R,4,,,,,,
Liq.sty.5252.1,Liq,sty,5252,1,85,6,1,1,R4,R,4,,,,,,
Nys.syl.5253.1,Nys,syl,5253,1,35,3,1,1,R4,R,4,,,,,,
Pin.tae.5254.1,Pin,tae,5254,1,430,8,1,1,R4,R,4,,,,,,
Ile.opa.5255.1,Ile,opa,5255,1,75,9,1,1,R4,R,4,,,,,,
Ace.rub.5258.1,Ace,rub,5258,1,117,8,1,1,R4,R,4,,,,,,
Nys.syl.5259.1,Nys,syl,5259,1,90,8,1,1,R4,R,4,,,,,,
Nys.syl.5260.1,Nys,syl,5260,1,49,7,1,1,R4,R,4,,,,,,
Liq.sty.5261.1,Liq,sty,5261,1,52,0,0,1,R4,R,4,,,,,,
Vac.spp.5262.1,Vac,spp,5262,1,29,7,1,1,R4,R,4,,,,,,
Vac.spp.5263.1,Vac,spp,5263,1,22,6,1,1,R4,R,4,,,,,,
Vac.spp.5264.1,Vac,spp,5264,1,26,7,1,1,R4,R,4,,,,,,
Nys.syl.5299.1,Nys,syl,5299,1,89,8,1,1,R4,R,4,,,,,,
Ile.opa.5213.2,Ile,opa,5213,2,70,7,1,1,R4,R,4,,,,,,
Ile.opa.5217.2,Ile,opa,5217,2,39,0,0,1,R4,R,4,,,,,,
Ace.rub.5220.2,Ace,rub,5220,2,126,6,1,1,R4,R,4,,,,,,
Ile.opa.5222.2,Ile,opa,5222,2,66,9,1,1,R4,R,4,,,,,,
Ile.opa.5224.2,Ile,opa,5224,2,54,9,1,1,R4,R,4,,,,,,
Ace.rub.5227.2,Ace,rub,5227,2,89,0,0,1,R4,R,4,,,,,,
Ace.rub.5243.2,Ace,rub,5243,2,70,0,0,1,R4,R,4,,,,,,
Nys.syl.5247.2,Nys,syl,5247,2,43,2,1,1,R4,R,4,,,,,,
Vac.spp.5262.2,Vac,spp,5262,2,24,0,0,1,R4,R,4,,,,,,
Pin.tae.5205.2,Pin,tae,5205,2,124,0,0,1,R4,R,4,,,,,,
Liq.sty.5209.1,Liq,sty,5209,1,206,8,1,1,R4,R,4,,,,,,
Nys.syl.5212.1,Nys,syl,5212,1,158,9,1,1,R4,R,4,,,,,,
Ile.opa.5221.1,Ile,opa,5221,1,79,7,1,1,R4,R,4,,,,,,
Ile.opa.5222.3,Ile,opa,5222,3,36,7,1,1,R4,R,4,,,,,,
Ile.opa.5306.1,Ile,opa,5306,1,135,9,1,1,R4,R,4,,,,,,
Pin.tae.485.1,Pin,tae,485,1,600,8,1,1,R4,R,4,,,,,,
Uni.spp.105.1,Uni,spp,105,1,,,,0,H1,H,1,,,,,,
Uni.spp.106.1,Uni,spp,106,1,,,,,H1,H,1,,,,,,
Uni.spp.107.1,Uni,spp,107,1,,,,,H1,H,1,,,,,,
Uni.spp.197.1,Uni,spp,197,1,62,0,,1,H1,H,1,,,,,,
Uni.spp.198.1,Uni,spp,198,1,,0,,1,H1,H,1,,,,,,
Nys.syl.199.1,Nys,syl,199,1,86,0,,1,H1,H,1,,,,,,
Uni.spp.200.1,Uni,spp,200,1,57,0,,1,H1,H,1,,,,,,
Pin.tae.209.1,Pin,tae,209,1,294,2,,1,H1,H,1,,,,,,
Pin.tae.211.1,Pin,tae,211,1,425,8,,1,H1,H,1,,,,,,
Nys.syl.212.1,Nys,syl,212,1,105,3,,1,H1,H,1,,,,,,
Nys.syl.213.1,Nys,syl,213,1,164,5,,1,H1,H,1,,,,,,
Pin.tae.214.1,Pin,tae,214,1,374,7,,1,H1,H,1,,,,,,
Nys.syl.215.1,Nys,syl,215,1,97,8,,1,H1,H,1,,,,,,
Pin.tae.216.1,Pin,tae,216,1,440,7,,1,H1,H,1,,,,,,
Pin.tae.218.1,Pin,tae,218,1,220,3,,1,H1,H,1,,,,,,
Nys.syl.219.1,Nys,syl,219,1,210,8,,1,H1,H,1,,,,,,
Nys.syl.220.1,Nys,syl,220,1,214,9,,1,H1,H,1,,,,,,
Nys.syl.221.1,Nys,syl,221,1,156,8,,1,H1,H,1,,,,,,
Pin.tae.222.1,Pin,tae,222,1,317,0,,1,H1,H,1,,,,,,
Nys.syl.223.1,Nys,syl,223,1,202,0,,1,H1,H,1,,,,,,
Nys.syl.224.1,Nys,syl,224,1,50,4,,1,H1,H,1,,,,,,
Pin.tae.225.1,Pin,tae,225,1,222,3,,1,H1,H,1,,,,,,
Nys.syl.226.1,Nys,syl,226,1,162,7,,1,H1,H,1,,,,,,
Pin.tae.227.1,Pin,tae,227,1,580,8,,1,H1,H,1,,,,,,
Ile.opa.228.1,Ile,opa,228,1,80,8,,1,H1,H,1,,,,,,
Ile.opa.229.1,Ile,opa,229,1,80,9,,1,H1,H,1,,,,,,
Ile.opa.230.1,Ile,opa,230,1,45,2,,0,H1,H,1,,,,,,
Ile.opa.231.1,Ile,opa,231,1,53,7,,1,H1,H,1,,,,,,
Pin.tae.232.1,Pin,tae,232,1,447,6,,1,H1,H,1,,,,,,
Nys.syl.233.1,Nys,syl,233,1,78,7,,1,H1,H,1,,,,,,
Pin.tae.234.1,Pin,tae,234,1,346,5,,1,H1,H,1,,,,,,
Pin.tae.235.1,Pin,tae,235,1,315,5,,1,H1,H,1,,,,,,
Pin.tae.236.1,Pin,tae,236,1,179,0,,1,H1,H,1,,,,,,
Pin.tae.237.1,Pin,tae,237,1,392,6,,1,H1,H,1,,,,,,
Pin.tae.238.1,Pin,tae,238,1,337,5,,1,H1,H,1,,,,,,
Pin.tae.239.1,Pin,tae,239,1,350,7,,1,H1,H,1,,,,,,
Pin.tae.240.1,Pin,tae,240,1,311,7,,1,H1,H,1,,,,,,
Nys.syl.241.1,Nys,syl,241,1,107,8,,1,H1,H,1,,,,,,
Nys.syl.242.1,Nys,syl,242,1,106,7,,1,H1,H,1,,,,,,
Pin.tae.243.1,Pin,tae,243,1,380,8,,1,H1,H,1,,,,,,
Nys.syl.244.1,Nys,syl,244,1,67,1,,1,H1,H,1,,,,,,
Nys.syl.245.1,Nys,syl,245,1,243,5,,1,H1,H,1,,,,,,
Nys.syl.246.1,Nys,syl,246,1,65,6,,1,H1,H,1,,,,,,
Nys.syl.247.1,Nys,syl,247,1,166,7,,1,H1,H,1,,,,,,
Nys.syl.248.1,Nys,syl,248,1,106,7,,1,H1,H,1,,,,,,
Pin.tae.249.1,Pin,tae,249,1,264,4,,1,H1,H,1,,,,,,
Uni.spp.250.1,Uni,spp,250,1,57,0,,1,H1,H,1,,,,,,
Pin.tae.251.1,Pin,tae,251,1,397,5,,1,H1,H,1,,,,,,
Pin.tae.252.1,Pin,tae,252,1,272,0,,1,H1,H,1,,,,,,
Nys.syl.253.1,Nys,syl,253,1,140,8,,1,H1,H,1,,,,,,
Pin.tae.254.1,Pin,tae,254,1,426,6,,1,H1,H,1,,,,,,
Uni.spp.91.1,Uni,spp,91,1,,,,0,H1,H,1,,,,,,
Pin.tae.96.1,Pin,tae,96,1,92,0,,1,H1,H,1,,,,,,
Uni.spp.97.1,Uni,spp,97,1,41,0,,0,H1,H,1,,,,,,
Uni.spp.98.1,Uni,spp,98,1,,,,0,H1,H,1,,,,,,
Nys.syl.242.2,Nys,syl,242,2,73,6,,1,H1,H,1,,,,,,
Pin.tae.5146.1,Pin,tae,5146,1,29,8,,1,H1,H,1,,,,,,
Nys.syl.5147.1,Nys,syl,5147,1,63,6,,1,H1,H,1,,,,,,
Pin.tae.998.1,Pin,tae,998,1,158,0,,1,H1,H,1,,,,,,
Pin.tae.5142.1,Pin,tae,5142,1,27,9,,1,H1,H,1,,,,,,
Pin.tae.5301.1,Pin,tae,5301,1,23,9,,1,H1,H,1,,,,,,